Country_all,Polymer_all,Density_all,Shape_all,Size_all,Diameter_all,v_Surf2Col_cont_median_all,v_Col2Sed_cont_median_all,k_Surf2glo_median_all,k_Col2glo_median_all,v_Surf2Col_glo_median_all,v_Col2Sed_glo_median_all,v_Surf2Sed_cont_median_all,v_Surf2Sed_glo_median_all
BayBengal,EPS,0.03,sphere,0.005,0.005,0.018685911,0.490301834,0.079626216,0.022236118,0.07925047,0.264347239,NaN,NaN
BayBengal,EPS,0.03,sphere,0.001,0.001,0.026476879,0.717593475,0.022716644,0.072480592,0.144329398,157.1668181,NaN,NaN
BayBengal,EPS,0.03,sphere,0.0001,0.0001,0.066176414,14.7687173,NaN,0.127526132,NaN,33.75419916,NaN,NaN
BayBengal,EPS,0.03,sphere,1.00E-05,1.00E-05,0.096744169,1.218404168,0.127659574,0.031069059,1.154039552,0.787929278,NaN,NaN
BayBengal,EPS,0.03,sphere,1.00E-06,1.00E-06,0.027998619,0.772172332,0.019694802,0.050632911,0.191581015,0.667890663,NaN,NaN
BayBengal,EPS,0.03,fiber,0.005,0.001,0.022258077,0.718703038,0.023210832,0.097808765,0.064931631,56.33451558,NaN,NaN
BayBengal,EPS,0.03,fiber,0.001,0.0001,0.041015571,13.40602149,NaN,0.094488189,NaN,9.143088261,NaN,NaN
BayBengal,EPS,0.03,fiber,0.0001,1.00E-05,0.274157922,10.84665003,NaN,NaN,NaN,NaN,NaN,NaN
BayBengal,EPS,0.03,fiber,5.00E-05,1.00E-06,0.203578513,1.343844889,0.120603015,0.045801527,0.676443381,0.89587159,NaN,NaN
BayBengal,EPS,0.03,fiber,0.025,0.005,0.039727939,0.842458291,0.0353622,0.036036036,0.07432186,0.595775025,NaN,NaN
BayBengal,HDPE,0.953,sphere,0.005,0.005,0.036318223,1.483172961,0.026343806,0.046260773,0.282103865,253.691542,NaN,NaN
BayBengal,HDPE,0.953,sphere,0.001,0.001,0.075602839,30.46297722,NaN,NaN,NaN,NaN,NaN,NaN
BayBengal,HDPE,0.953,sphere,0.0001,0.0001,0.410386906,19.90294168,NaN,NaN,NaN,NaN,NaN,NaN
BayBengal,HDPE,0.953,sphere,1.00E-05,1.00E-05,0.185859349,1.275388865,0.119701493,0.043638672,1.211092311,0.793830833,NaN,NaN
BayBengal,HDPE,0.953,sphere,1.00E-06,1.00E-06,0.028159004,0.758670011,0.030771095,0.043956044,0.078848046,0.512930934,NaN,NaN
BayBengal,HDPE,0.953,fiber,0.005,0.001,0.050721048,14.16819665,NaN,0.175182482,NaN,7.696368633,NaN,NaN
BayBengal,HDPE,0.953,fiber,0.001,0.0001,0.368298071,37.5082269,NaN,NaN,NaN,NaN,NaN,NaN
BayBengal,HDPE,0.953,fiber,0.0001,1.00E-05,0.91147646,12.3211647,NaN,NaN,NaN,NaN,NaN,NaN
BayBengal,HDPE,0.953,fiber,5.00E-05,1.00E-06,0.220640602,1.4611128,0.120913706,0.071216617,0.742357405,0.925108131,NaN,NaN
BayBengal,HDPE,0.953,fiber,0.025,0.005,0.035678356,0.882323849,0.022450967,0.048096192,0.165770306,347.9408155,NaN,NaN
BayBengal,LDPE,0.915,sphere,0.005,0.005,0.031053328,0.724218707,0.020887792,0.053078597,0.193733099,269.0868189,NaN,NaN
BayBengal,LDPE,0.915,sphere,0.001,0.001,0.049386668,16.53683527,NaN,0.062036253,NaN,107.2668311,NaN,NaN
BayBengal,LDPE,0.915,sphere,0.0001,0.0001,0.294310735,19.03768176,NaN,NaN,NaN,NaN,NaN,NaN
BayBengal,LDPE,0.915,sphere,1.00E-05,1.00E-05,0.154562999,1.154246322,0.12371134,0.04039435,0.620590354,0.742803789,NaN,NaN
BayBengal,LDPE,0.915,sphere,1.00E-06,1.00E-06,0.031137035,0.815331838,0.025373914,0.06549544,0.075325245,0.494471098,NaN,NaN
BayBengal,LDPE,0.915,fiber,0.005,0.001,0.034292363,7.036074669,NaN,0.068091168,NaN,59.42733178,NaN,NaN
BayBengal,LDPE,0.915,fiber,0.001,0.0001,0.246596327,35.89680544,NaN,NaN,NaN,NaN,NaN,NaN
BayBengal,LDPE,0.915,fiber,0.0001,1.00E-05,0.797315348,12.43293672,NaN,NaN,NaN,NaN,NaN,NaN
BayBengal,LDPE,0.915,fiber,5.00E-05,1.00E-06,0.241494241,1.385068553,0.070175439,0.039152857,0.254817464,0.848884805,NaN,NaN
BayBengal,LDPE,0.915,fiber,0.025,0.005,0.025354008,0.905868534,0.02306165,0.049550855,0.086299126,61.56635796,NaN,NaN
BayBengal,PET,1.35,sphere,0.005,0.005,5034687.989,20119.36423,NaN,NaN,NaN,NaN,NaN,NaN
BayBengal,PET,1.35,sphere,0.001,0.001,325712.6495,5117.352487,NaN,NaN,NaN,NaN,NaN,NaN
BayBengal,PET,1.35,sphere,0.0001,0.0001,249.0694823,138.9212028,NaN,NaN,NaN,NaN,NaN,NaN
BayBengal,PET,1.35,sphere,1.00E-05,1.00E-05,0.235096292,1.371846721,0.117647059,0.025978674,1.091805691,0.896320028,NaN,NaN
BayBengal,PET,1.35,sphere,1.00E-06,1.00E-06,0.043169597,0.884580814,0.016449623,0.02357573,0.062935119,0.358275529,NaN,NaN
BayBengal,PET,1.35,fiber,0.005,0.001,265261.563,4618.119522,NaN,NaN,NaN,NaN,NaN,NaN
BayBengal,PET,1.35,fiber,0.001,0.0001,2126.371748,411.1601452,NaN,NaN,NaN,NaN,NaN,NaN
BayBengal,PET,1.35,fiber,0.0001,1.00E-05,1.149102384,4.756565549,NaN,0.062176166,NaN,4.437405853,NaN,NaN
BayBengal,PET,1.35,fiber,5.00E-05,1.00E-06,0.051977644,0.798305608,0.03061874,0.16,0.110191235,0.32774999,NaN,NaN
BayBengal,PET,1.35,fiber,0.025,0.005,1552290.973,11171.5795,NaN,NaN,NaN,NaN,NaN,NaN
BayBengal,PP,0.88,sphere,0.005,0.005,0.039588308,1.019623535,0.020979021,0.054433498,0.115469299,140.537577,NaN,NaN
BayBengal,PP,0.88,sphere,0.001,0.001,0.03776213,12.9901061,NaN,0.101265823,NaN,57.85208993,NaN,NaN
BayBengal,PP,0.88,sphere,0.0001,0.0001,0.248849207,18.78542843,NaN,NaN,NaN,NaN,NaN,NaN
BayBengal,PP,0.88,sphere,1.00E-05,1.00E-05,0.144190057,1.142708711,0.113744076,0.043087971,2.327558402,0.773765304,NaN,NaN
BayBengal,PP,0.88,sphere,1.00E-06,1.00E-06,0.02883893,0.719185841,0.015686275,0.0234375,0.080037674,0.440544488,NaN,NaN
BayBengal,PP,0.88,fiber,0.005,0.001,0.02879851,5.118501516,0.023952191,0.037354108,2.590214697,148.7490598,NaN,NaN
BayBengal,PP,0.88,fiber,0.001,0.0001,0.192212609,37.77282716,NaN,NaN,NaN,NaN,NaN,NaN
BayBengal,PP,0.88,fiber,0.0001,1.00E-05,0.728100445,12.19603927,NaN,NaN,NaN,NaN,NaN,NaN
BayBengal,PP,0.88,fiber,5.00E-05,1.00E-06,0.2296672,1.361904457,0.020997375,0.049092368,0.746348345,0.870161557,NaN,NaN
BayBengal,PP,0.88,fiber,0.025,0.005,0.027797995,0.877576898,0.018477028,0.045411583,0.065092896,50.76618221,NaN,NaN
BayBengal,PS,1.06,sphere,0.005,0.005,448575.0174,6005.449825,NaN,NaN,NaN,NaN,NaN,NaN
BayBengal,PS,1.06,sphere,0.001,0.001,14456.8897,1078.366164,NaN,NaN,NaN,NaN,NaN,NaN
BayBengal,PS,1.06,sphere,0.0001,0.0001,3.824812539,25.02561224,NaN,NaN,NaN,NaN,NaN,NaN
BayBengal,PS,1.06,sphere,1.00E-05,1.00E-05,0.166098581,1.203276967,0.105029838,0.033755274,0.83166019,0.796953381,NaN,NaN
BayBengal,PS,1.06,sphere,1.00E-06,1.00E-06,0.0285265,0.821601515,0.017241379,0.032862483,0.097930044,0.562690339,NaN,NaN
BayBengal,PS,1.06,fiber,0.005,0.001,18999.64926,1238.214366,NaN,NaN,NaN,NaN,NaN,NaN
BayBengal,PS,1.06,fiber,0.001,0.0001,77.94694345,88.34830505,NaN,NaN,NaN,NaN,NaN,NaN
BayBengal,PS,1.06,fiber,0.0001,1.00E-05,1.474899116,13.01036873,NaN,NaN,NaN,NaN,NaN,NaN
BayBengal,PS,1.06,fiber,5.00E-05,1.00E-06,0.21816998,1.438614088,NaN,0.047524752,NaN,0.95053164,NaN,NaN
BayBengal,PS,1.06,fiber,0.025,0.005,204656.3595,4056.39864,NaN,NaN,NaN,NaN,NaN,NaN
KaraSea,EPS,0.03,sphere,0.005,0.005,0.025034679,1.008732569,NaN,NaN,NaN,NaN,NaN,NaN
KaraSea,EPS,0.03,sphere,0.001,0.001,0.019273767,1.165717044,NaN,NaN,NaN,NaN,NaN,NaN
KaraSea,EPS,0.03,sphere,0.0001,0.0001,0.086014455,3.440407718,NaN,NaN,NaN,NaN,NaN,NaN
KaraSea,EPS,0.03,sphere,1.00E-05,1.00E-05,0.178421941,1.482750644,NaN,NaN,NaN,NaN,NaN,NaN
KaraSea,EPS,0.03,sphere,1.00E-06,1.00E-06,0.027623325,0.999274588,NaN,NaN,NaN,NaN,NaN,NaN
KaraSea,EPS,0.03,fiber,0.005,0.001,0.023630212,0.975238049,NaN,NaN,NaN,NaN,NaN,NaN
KaraSea,EPS,0.03,fiber,0.001,0.0001,0.048859606,2.44845874,NaN,NaN,NaN,NaN,NaN,NaN
KaraSea,EPS,0.03,fiber,0.0001,1.00E-05,0.245174744,3.427145342,NaN,NaN,NaN,NaN,NaN,NaN
KaraSea,EPS,0.03,fiber,5.00E-05,1.00E-06,0.052349221,0.984557135,NaN,NaN,NaN,NaN,NaN,NaN
KaraSea,EPS,0.03,fiber,0.025,0.005,0.022157443,0.997077714,NaN,NaN,NaN,NaN,NaN,NaN
KaraSea,HDPE,0.953,sphere,0.005,0.005,0.02091127,1.414840334,NaN,NaN,NaN,NaN,NaN,NaN
KaraSea,HDPE,0.953,sphere,0.001,0.001,0.071944594,3.479032923,NaN,NaN,NaN,NaN,NaN,NaN
KaraSea,HDPE,0.953,sphere,0.0001,0.0001,0.524389718,12.39289985,NaN,NaN,NaN,NaN,NaN,NaN
KaraSea,HDPE,0.953,sphere,1.00E-05,1.00E-05,0.265656874,1.534252385,NaN,NaN,NaN,NaN,NaN,NaN
KaraSea,HDPE,0.953,sphere,1.00E-06,1.00E-06,0.026580511,1.003056806,NaN,NaN,NaN,NaN,NaN,NaN
KaraSea,HDPE,0.953,fiber,0.005,0.001,0.05345858,2.337830074,NaN,NaN,NaN,NaN,NaN,NaN
KaraSea,HDPE,0.953,fiber,0.001,0.0001,0.375143788,15.27309333,NaN,NaN,NaN,NaN,NaN,NaN
KaraSea,HDPE,0.953,fiber,0.0001,1.00E-05,0.685896823,4.173093686,NaN,NaN,NaN,NaN,NaN,NaN
KaraSea,HDPE,0.953,fiber,5.00E-05,1.00E-06,0.043190503,1.040068692,NaN,NaN,NaN,NaN,NaN,NaN
KaraSea,HDPE,0.953,fiber,0.025,0.005,0.022052267,1.139891177,NaN,NaN,NaN,NaN,NaN,NaN
KaraSea,LDPE,0.915,sphere,0.005,0.005,0.023137543,1.251927704,NaN,NaN,NaN,NaN,NaN,NaN
KaraSea,LDPE,0.915,sphere,0.001,0.001,0.053924486,2.251774905,NaN,NaN,NaN,NaN,NaN,NaN
KaraSea,LDPE,0.915,sphere,0.0001,0.0001,0.354399068,10.51571079,NaN,NaN,NaN,NaN,NaN,NaN
KaraSea,LDPE,0.915,sphere,1.00E-05,1.00E-05,0.244812367,1.543102153,NaN,NaN,NaN,NaN,NaN,NaN
KaraSea,LDPE,0.915,sphere,1.00E-06,1.00E-06,0.027743154,0.954108878,NaN,NaN,NaN,NaN,NaN,NaN
KaraSea,LDPE,0.915,fiber,0.005,0.001,0.033811597,1.694890419,NaN,NaN,NaN,NaN,NaN,NaN
KaraSea,LDPE,0.915,fiber,0.001,0.0001,0.252708319,12.64798507,NaN,NaN,NaN,NaN,NaN,NaN
KaraSea,LDPE,0.915,fiber,0.0001,1.00E-05,0.609184154,4.019365073,NaN,NaN,NaN,NaN,NaN,NaN
KaraSea,LDPE,0.915,fiber,5.00E-05,1.00E-06,0.042218771,1.035283289,NaN,NaN,NaN,NaN,NaN,NaN
KaraSea,LDPE,0.915,fiber,0.025,0.005,0.020971857,1.033225096,NaN,NaN,NaN,NaN,NaN,NaN
KaraSea,PET,1.35,sphere,0.005,0.005,15332198.4,20118.88185,NaN,NaN,NaN,NaN,NaN,NaN
KaraSea,PET,1.35,sphere,0.001,0.001,991841.914,5117.09111,NaN,NaN,NaN,NaN,NaN,NaN
KaraSea,PET,1.35,sphere,0.0001,0.0001,755.1289215,139.9984438,NaN,NaN,NaN,NaN,NaN,NaN
KaraSea,PET,1.35,sphere,1.00E-05,1.00E-05,0.24613266,1.552233241,NaN,NaN,NaN,NaN,NaN,NaN
KaraSea,PET,1.35,sphere,1.00E-06,1.00E-06,0.02940608,0.990933704,NaN,NaN,NaN,NaN,NaN,NaN
KaraSea,PET,1.35,fiber,0.005,0.001,807778.7884,4617.938164,NaN,NaN,NaN,NaN,NaN,NaN
KaraSea,PET,1.35,fiber,0.001,0.0001,6413.111499,411.5271821,NaN,NaN,NaN,NaN,NaN,NaN
KaraSea,PET,1.35,fiber,0.0001,1.00E-05,3.498472845,5.485512179,NaN,NaN,NaN,NaN,NaN,NaN
KaraSea,PET,1.35,fiber,5.00E-05,1.00E-06,0.039104418,1.005759572,NaN,NaN,NaN,NaN,NaN,NaN
KaraSea,PET,1.35,fiber,0.025,0.005,4727222.958,11171.33068,NaN,NaN,NaN,NaN,NaN,NaN
KaraSea,PP,0.88,sphere,0.005,0.005,0.018981172,1.081825788,NaN,NaN,NaN,NaN,NaN,NaN
KaraSea,PP,0.88,sphere,0.001,0.001,0.040212311,1.9131786,NaN,NaN,NaN,NaN,NaN,NaN
KaraSea,PP,0.88,sphere,0.0001,0.0001,0.2868794,9.660921666,NaN,NaN,NaN,NaN,NaN,NaN
KaraSea,PP,0.88,sphere,1.00E-05,1.00E-05,0.197668958,1.506306698,NaN,NaN,NaN,NaN,NaN,NaN
KaraSea,PP,0.88,sphere,1.00E-06,1.00E-06,0.027463779,1.098917047,NaN,NaN,NaN,NaN,NaN,NaN
KaraSea,PP,0.88,fiber,0.005,0.001,0.030588361,1.480899903,NaN,NaN,NaN,NaN,NaN,NaN
KaraSea,PP,0.88,fiber,0.001,0.0001,0.211223914,10.06837234,NaN,NaN,NaN,NaN,NaN,NaN
KaraSea,PP,0.88,fiber,0.0001,1.00E-05,0.594097406,3.939002123,NaN,NaN,NaN,NaN,NaN,NaN
KaraSea,PP,0.88,fiber,5.00E-05,1.00E-06,0.045554077,0.980647865,NaN,NaN,NaN,NaN,NaN,NaN
KaraSea,PP,0.88,fiber,0.025,0.005,0.026532164,0.954981524,NaN,NaN,NaN,NaN,NaN,NaN
KaraSea,PS,1.06,sphere,0.005,0.005,1366001.847,6005.201019,NaN,NaN,NaN,NaN,NaN,NaN
KaraSea,PS,1.06,sphere,0.001,0.001,43927.51737,1076.887386,NaN,NaN,NaN,NaN,NaN,NaN
KaraSea,PS,1.06,sphere,0.0001,0.0001,21.60878307,24.47378704,NaN,NaN,NaN,NaN,NaN,NaN
KaraSea,PS,1.06,sphere,1.00E-05,1.00E-05,0.226300605,1.533910531,NaN,NaN,NaN,NaN,NaN,NaN
KaraSea,PS,1.06,sphere,1.00E-06,1.00E-06,0.03167043,0.914249813,NaN,NaN,NaN,NaN,NaN,NaN
KaraSea,PS,1.06,fiber,0.005,0.001,57958.88679,1236.977995,NaN,NaN,NaN,NaN,NaN,NaN
KaraSea,PS,1.06,fiber,0.001,0.0001,178.6611351,73.46925424,NaN,NaN,NaN,NaN,NaN,NaN
KaraSea,PS,1.06,fiber,0.0001,1.00E-05,1.074813549,4.339591821,NaN,NaN,NaN,NaN,NaN,NaN
KaraSea,PS,1.06,fiber,5.00E-05,1.00E-06,0.04479395,1.049374978,NaN,NaN,NaN,NaN,NaN,NaN
KaraSea,PS,1.06,fiber,0.025,0.005,623216.0131,4056.217284,NaN,NaN,NaN,NaN,NaN,NaN
Greece,EPS,0.03,sphere,0.005,0.005,0.003167491,0.17921939,Inf,NaN,0.131488798,0.320173603,NaN,NaN
Greece,EPS,0.03,sphere,0.001,0.001,0.025834819,2.563140778,Inf,NaN,0.22444881,291.1976083,NaN,NaN
Greece,EPS,0.03,sphere,0.0001,0.0001,NaN,NaN,Inf,NaN,1.914517674,47.28019249,NaN,NaN
Greece,EPS,0.03,sphere,1.00E-05,1.00E-05,0.032062347,0.86520622,Inf,NaN,1.88800289,43.01023061,NaN,NaN
Greece,EPS,0.03,sphere,1.00E-06,1.00E-06,0.002576505,0.229504654,Inf,NaN,1.400316786,1.149650786,NaN,NaN
Greece,EPS,0.03,fiber,0.005,0.001,0.025656891,0.639178463,Inf,NaN,0.127695826,187.9111622,NaN,NaN
Greece,EPS,0.03,fiber,0.001,0.0001,NaN,NaN,Inf,NaN,1.200000958,79.15809062,NaN,NaN
Greece,EPS,0.03,fiber,0.0001,1.00E-05,0.085334784,3.793759328,Inf,NaN,2.56586136,4.140906895,NaN,NaN
Greece,EPS,0.03,fiber,5.00E-05,1.00E-06,0.009380716,0.317543215,Inf,NaN,2.494578251,4.155581931,NaN,NaN
Greece,EPS,0.03,fiber,0.025,0.005,0.004033562,0.320086575,Inf,NaN,1.891291894,4.056291936,NaN,NaN
Greece,HDPE,0.953,sphere,0.005,0.005,0.04973399,266.946039,Inf,NaN,0.337158127,606.8095073,NaN,NaN
Greece,HDPE,0.953,sphere,0.001,0.001,NaN,NaN,Inf,NaN,1.638464847,260.4987054,NaN,NaN
Greece,HDPE,0.953,sphere,0.0001,0.0001,NaN,NaN,Inf,NaN,7.896258545,60.05764183,NaN,NaN
Greece,HDPE,0.953,sphere,1.00E-05,1.00E-05,0.151866409,1.050682672,Inf,NaN,7.404715148,55.22336022,NaN,NaN
Greece,HDPE,0.953,sphere,1.00E-06,1.00E-06,0.004103609,0.540648019,Inf,NaN,7.419840445,41.31303054,NaN,NaN
Greece,HDPE,0.953,fiber,0.005,0.001,0.074602738,109.7373562,Inf,NaN,1.080447633,223.4852927,NaN,NaN
Greece,HDPE,0.953,fiber,0.001,0.0001,NaN,NaN,Inf,NaN,7.650477116,116.5188728,NaN,NaN
Greece,HDPE,0.953,fiber,0.0001,1.00E-05,0.175845808,3.414347094,Inf,NaN,3.567252277,4.212164158,NaN,NaN
Greece,HDPE,0.953,fiber,5.00E-05,1.00E-06,0.006208069,0.431994663,Inf,NaN,3.284622014,4.123326888,NaN,NaN
Greece,HDPE,0.953,fiber,0.025,0.005,0.026576262,5.164496795,Inf,NaN,0.219397047,498.929578,NaN,0.239628746
Greece,LDPE,0.915,sphere,0.005,0.005,0.025024699,158.5565619,Inf,NaN,0.233132665,628.0449938,NaN,0.239628746
Greece,LDPE,0.915,sphere,0.001,0.001,NaN,NaN,Inf,NaN,1.143237259,222.9612641,NaN,0.239628746
Greece,LDPE,0.915,sphere,0.0001,0.0001,NaN,NaN,Inf,NaN,6.475124068,60.67336015,NaN,NaN
Greece,LDPE,0.915,sphere,1.00E-05,1.00E-05,0.047995651,0.90034736,Inf,NaN,6.209268523,59.57100751,NaN,NaN
Greece,LDPE,0.915,sphere,1.00E-06,1.00E-06,0.012556178,0.214656653,Inf,NaN,6.28634419,54.30632227,NaN,NaN
Greece,LDPE,0.915,fiber,0.005,0.001,0.042425244,66.32741302,Inf,NaN,0.742832886,228.2301301,NaN,NaN
Greece,LDPE,0.915,fiber,0.001,0.0001,NaN,NaN,Inf,NaN,5.759754283,115.8454358,NaN,NaN
Greece,LDPE,0.915,fiber,0.0001,1.00E-05,0.280670525,3.934348627,Inf,NaN,3.399216581,4.17550066,NaN,NaN
Greece,LDPE,0.915,fiber,5.00E-05,1.00E-06,0.03041696,0.307365033,Inf,NaN,3.334766299,4.093443465,NaN,NaN
Greece,LDPE,0.915,fiber,0.025,0.005,0.005438895,2.819450007,Inf,NaN,0.150013935,452.9931034,NaN,NaN
Greece,PET,1.35,sphere,0.005,0.005,NaN,NaN,Inf,NaN,701.4058136,19817.68556,NaN,NaN
Greece,PET,1.35,sphere,0.001,0.001,NaN,NaN,Inf,NaN,700.195982,5017.569689,NaN,NaN
Greece,PET,1.35,sphere,0.0001,0.0001,NaN,NaN,Inf,NaN,137.4964625,123.0661599,NaN,NaN
Greece,PET,1.35,sphere,1.00E-05,1.00E-05,0.039765515,1.078195531,Inf,NaN,1.904970177,1.146665833,NaN,NaN
Greece,PET,1.35,sphere,1.00E-06,1.00E-06,0.003808589,0.571991078,Inf,NaN,1.740113781,1.128723814,NaN,NaN
Greece,PET,1.35,fiber,0.005,0.001,NaN,NaN,Inf,NaN,700.0265067,4541.313668,NaN,NaN
Greece,PET,1.35,fiber,0.001,0.0001,NaN,NaN,Inf,NaN,406.6087508,393.1410443,NaN,NaN
Greece,PET,1.35,fiber,0.0001,1.00E-05,0.41081008,4.164680603,Inf,NaN,4.916314693,4.2030309,NaN,NaN
Greece,PET,1.35,fiber,5.00E-05,1.00E-06,0.012944939,0.378955519,Inf,NaN,5.008340314,4.188258276,NaN,NaN
Greece,PET,1.35,fiber,0.025,0.005,NaN,NaN,Inf,NaN,701.0782127,11025.18571,NaN,NaN
Greece,PP,0.88,sphere,0.005,0.005,0.012965791,1.998376111,Inf,NaN,0.184541884,591.3149219,NaN,NaN
Greece,PP,0.88,sphere,0.001,0.001,0.063976207,5.493604765,Inf,NaN,0.908451564,227.2843809,NaN,NaN
Greece,PP,0.88,sphere,0.0001,0.0001,NaN,NaN,Inf,NaN,5.633320176,60.02073166,NaN,NaN
Greece,PP,0.88,sphere,1.00E-05,1.00E-05,0.029621016,1.049744362,Inf,NaN,5.328849563,56.68295365,NaN,NaN
Greece,PP,0.88,sphere,1.00E-06,1.00E-06,0.002431705,0.313420333,Inf,NaN,1.703880212,1.142089408,NaN,NaN
Greece,PP,0.88,fiber,0.005,0.001,0.015541944,99.39276582,Inf,NaN,0.583443029,276.9816425,NaN,NaN
Greece,PP,0.88,fiber,0.001,0.0001,NaN,NaN,Inf,NaN,4.7337104,115.8037918,NaN,NaN
Greece,PP,0.88,fiber,0.0001,1.00E-05,0.139190266,3.747431783,Inf,NaN,3.366715995,4.212289908,NaN,NaN
Greece,PP,0.88,fiber,5.00E-05,1.00E-06,0.005540194,0.287667301,Inf,NaN,3.178158729,4.20002057,NaN,NaN
Greece,PP,0.88,fiber,0.025,0.005,0.003131102,0.380559904,Inf,NaN,0.117624302,375.2294191,NaN,NaN
Greece,PS,1.06,sphere,0.005,0.005,NaN,NaN,Inf,NaN,700.2863339,5320.129787,NaN,NaN
Greece,PS,1.06,sphere,0.001,0.001,NaN,NaN,Inf,NaN,693.0420612,941.8159769,NaN,NaN
Greece,PS,1.06,sphere,0.0001,0.0001,NaN,NaN,Inf,NaN,23.0768456,58.26332609,NaN,NaN
Greece,PS,1.06,sphere,1.00E-05,1.00E-05,0.062773749,1.015247879,Inf,NaN,21.72166364,56.43335015,NaN,NaN
Greece,PS,1.06,sphere,1.00E-06,1.00E-06,0.003058096,0.266062527,Inf,NaN,1.37123728,1.428615144,NaN,NaN
Greece,PS,1.06,fiber,0.005,0.001,NaN,NaN,Inf,NaN,694.3751634,1098.2777,NaN,NaN
Greece,PS,1.06,fiber,0.001,0.0001,NaN,NaN,Inf,NaN,64.99532544,121.0606565,NaN,NaN
Greece,PET,1.35,fiber,0.0001,1.00E-05,0.41081008,4.164680603,Inf,NaN,4.916314693,4.2030309,NaN,NaN
Greece,PS,1.06,fiber,5.00E-05,1.00E-06,0.0120867,0.158915959,Inf,NaN,4.439093549,4.143976791,NaN,NaN
Greece,PS,1.06,fiber,0.025,0.005,NaN,NaN,Inf,NaN,699.6026871,3672.445702,NaN,NaN
Nile,EPS,0.03,sphere,0.005,0.005,0.059031886,3.552457255,NaN,NaN,NaN,NaN,0.862406027,NaN
Nile,EPS,0.03,sphere,0.001,0.001,0.04954599,3.715299363,0.026344676,0.067710424,0.317717523,251.2602287,0.811563472,NaN
Nile,EPS,0.03,sphere,0.0001,0.0001,0.062823592,10.13211807,NaN,NaN,NaN,NaN,0.754339032,NaN
Nile,EPS,0.03,sphere,1.00E-05,1.00E-05,0.056431052,3.946190694,0.045977011,0.16,0.405387727,0.623324568,1.16601054,NaN
Nile,EPS,0.03,sphere,1.00E-06,1.00E-06,0.047251933,4.915198145,0.019496344,NaN,2.3337509,0.247770029,0.684679913,NaN
Nile,EPS,0.03,fiber,0.005,0.001,0.056332816,3.457142012,0.03065764,0.094488189,0.157792705,53.1789532,0.824241924,NaN
Nile,EPS,0.03,fiber,0.001,0.0001,0.048676069,10.22362918,NaN,1.333333333,NaN,58.24552,0.750218148,NaN
Nile,EPS,0.03,fiber,0.0001,1.00E-05,0.216420679,10.26476715,NaN,NaN,NaN,NaN,2.282948278,NaN
Nile,EPS,0.03,fiber,5.00E-05,1.00E-06,0.068719988,4.327574674,NaN,0.151288056,NaN,0.895360801,1.258403166,NaN
Nile,EPS,0.03,fiber,0.025,0.005,0.059625707,4.564018339,NaN,0.117073171,NaN,0.352306481,0.854373915,NaN
Nile,HDPE,0.953,sphere,0.005,0.005,0.056278221,3.41858893,0.033946252,0.086446886,0.527271992,505.941157,0.775587554,NaN
Nile,HDPE,0.953,sphere,0.001,0.001,0.081454155,30.6922734,0.06779661,4.799999999,10.14691455,154.7707357,0.778522606,NaN
Nile,HDPE,0.953,sphere,0.0001,0.0001,0.324781262,18.75125552,NaN,NaN,NaN,NaN,3.132185212,NaN
Nile,HDPE,0.953,sphere,1.00E-05,1.00E-05,0.058259721,3.269801167,NaN,0.077922078,NaN,0.9649582,0.905185088,NaN
Nile,HDPE,0.953,sphere,1.00E-06,1.00E-06,0.041484282,4.605188579,0.016529506,NaN,0.376703057,0.027772707,0.719684311,0.166504455
Nile,HDPE,0.953,fiber,0.005,0.001,0.066810591,12.10595532,0.040557205,1.213793103,15.80929102,139.1897612,0.841859231,NaN
Nile,HDPE,0.953,fiber,0.001,0.0001,0.40265626,33.7283188,NaN,NaN,NaN,NaN,2.702333294,NaN
Nile,HDPE,0.953,fiber,0.0001,1.00E-05,0.525514152,12.84175635,NaN,NaN,NaN,NaN,NaN,NaN
Nile,HDPE,0.953,fiber,5.00E-05,1.00E-06,0.06746513,3.135459423,NaN,0.423210832,NaN,0.843652336,2.071510839,NaN
Nile,HDPE,0.953,fiber,0.025,0.005,0.050010635,4.314121457,0.033946252,NaN,0.290239649,431.5104446,0.838131813,NaN
Nile,LDPE,0.915,sphere,0.005,0.005,0.06042693,3.861131788,0.030078311,NaN,0.330397238,438.5401073,0.734387431,NaN
Nile,LDPE,0.915,sphere,0.001,0.001,0.066970434,8.420370315,0.043956044,8,12.12667767,173.3246248,0.750873295,NaN
Nile,LDPE,0.915,sphere,0.0001,0.0001,0.257623385,16.99287533,NaN,NaN,NaN,NaN,2.396929205,NaN
Nile,LDPE,0.915,sphere,1.00E-05,1.00E-05,0.062625619,3.622554318,0.035597128,0.129000781,0.874769827,0.659270751,1.233461029,NaN
Nile,LDPE,0.915,sphere,1.00E-06,1.00E-06,0.052839821,3.277388246,0.027809965,NaN,0.255334499,0.934136598,0.774345821,NaN
Nile,LDPE,0.915,fiber,0.005,0.001,0.047205753,6.353741378,0.028588537,0.088560886,7.481008347,173.3125273,0.778265974,NaN
Nile,LDPE,0.915,fiber,0.001,0.0001,0.277543158,30.53530784,NaN,NaN,NaN,NaN,2.028540997,NaN
Nile,LDPE,0.915,fiber,0.0001,1.00E-05,0.465822576,12.43741627,NaN,NaN,NaN,NaN,4.684585647,NaN
Nile,LDPE,0.915,fiber,5.00E-05,1.00E-06,0.06708138,3.291901296,NaN,0.054054054,NaN,0.764295329,0.983310332,NaN
Nile,LDPE,0.915,fiber,0.025,0.005,0.045117971,4.845608764,0.033174055,NaN,0.190683665,250.4832415,0.687967624,NaN
Nile,PET,1.35,sphere,0.005,0.005,20149.11412,1189052.655,NaN,NaN,NaN,NaN,NaN,NaN
Nile,PET,1.35,sphere,0.001,0.001,5099.908213,301149.4377,NaN,NaN,NaN,NaN,NaN,NaN
Nile,PET,1.35,sphere,0.0001,0.0001,74.60600373,136.2271692,NaN,NaN,NaN,NaN,NaN,NaN
Nile,PET,1.35,sphere,1.00E-05,1.00E-05,0.079722525,3.027733597,NaN,0.095009685,NaN,0.905999245,2.183770155,NaN
Nile,PET,1.35,sphere,1.00E-06,1.00E-06,0.061091457,4.524198206,0.029486188,NaN,0.342243859,1.521287441,0.847123717,NaN
Nile,PET,1.35,fiber,0.005,0.001,4615.417374,272564.4402,NaN,NaN,NaN,NaN,NaN,NaN
Nile,PET,1.35,fiber,0.001,0.0001,644.1999758,401.3589864,NaN,NaN,NaN,NaN,NaN,NaN
Nile,PET,1.35,fiber,0.0001,1.00E-05,0.357350294,5.726954381,NaN,NaN,NaN,NaN,3.0191521,NaN
Nile,PET,1.35,fiber,5.00E-05,1.00E-06,0.059557742,4.955426199,0.013377926,0.088734873,0.213304559,0.359333691,0.889328299,NaN
Nile,PET,1.35,fiber,0.025,0.005,11207.78504,661514.2566,NaN,NaN,NaN,NaN,NaN,NaN
Nile,PP,0.88,sphere,0.005,0.005,0.040486327,5.542713348,0.023449388,0.15,0.256450356,550.201146,0.775435845,NaN
Nile,PP,0.88,sphere,0.001,0.001,0.062708786,4.742664915,0.033640718,0.67281106,15.07376351,154.7968035,0.72123897,NaN
Nile,PP,0.88,sphere,0.0001,0.0001,0.223389255,16.09419111,NaN,NaN,NaN,NaN,2.048458063,NaN
Nile,PP,0.88,sphere,1.00E-05,1.00E-05,0.064628228,3.588683105,0.039800995,0.19047619,0.834195206,0.636517013,1.233815519,NaN
Nile,PP,0.88,sphere,1.00E-06,1.00E-06,0.041073634,4.533144623,0.036139059,0.013722127,0.600751197,0.235312791,0.682753732,NaN
Nile,PP,0.88,fiber,0.005,0.001,0.045582394,6.188448769,0.033287101,NaN,1.4953938,262.6326012,0.722367966,NaN
Nile,PP,0.88,fiber,0.001,0.0001,0.202506106,28.6383304,NaN,NaN,NaN,NaN,2.075785631,NaN
Nile,PP,0.88,fiber,0.0001,1.00E-05,0.437129258,12.17615083,NaN,NaN,NaN,NaN,NaN,NaN
Nile,PP,0.88,fiber,5.00E-05,1.00E-06,0.068676507,3.225426104,NaN,0.055813953,NaN,0.811368271,2.011429753,NaN
Nile,PP,0.88,fiber,0.025,0.005,0.065319794,4.099067272,0.037171682,NaN,0.133461337,287.1432354,0.874364923,NaN
Nile,PS,1.06,sphere,0.005,0.005,5401.604109,318949.511,NaN,NaN,NaN,NaN,NaN,NaN
Nile,PS,1.06,sphere,0.001,0.001,930.0487133,54970.04927,NaN,NaN,NaN,NaN,NaN,NaN
Nile,PS,1.06,sphere,0.0001,0.0001,1.511378799,21.49719591,NaN,NaN,NaN,NaN,NaN,NaN
Nile,PS,1.06,sphere,1.00E-05,1.00E-05,0.064465663,3.483867228,0.04017438,0.144578313,0.783944738,0.721780858,1.21876901,NaN
Nile,PS,1.06,sphere,1.00E-06,1.00E-06,0.037536565,4.900709557,0.023399341,NaN,0.168652356,0.803182055,0.839670509,0.359191857
Nile,PS,1.06,fiber,0.005,0.001,1098.537264,64868.79407,NaN,NaN,NaN,NaN,NaN,NaN
Nile,PS,1.06,fiber,0.001,0.0001,18.14408878,73.6731379,NaN,NaN,NaN,NaN,NaN,NaN
Nile,PS,1.06,fiber,0.0001,1.00E-05,0.718043851,13.12913675,NaN,NaN,NaN,NaN,NaN,NaN
Nile,PS,1.06,fiber,5.00E-05,1.00E-06,0.072183617,3.370021543,NaN,0.048192771,NaN,0.91991587,1.43096009,NaN
Nile,PS,1.06,fiber,0.025,0.005,3728.668013,220246.1687,NaN,NaN,NaN,NaN,NaN,NaN
NorthAmerica,EPS,0.03,sphere,0.005,0.005,0.016655832,0.435597453,0.008852822,0.022727273,0.021338666,3.325378701,NaN,NaN
NorthAmerica,EPS,0.03,sphere,0.001,0.001,0.01351347,1.358550997,0.023191273,0.022121325,0.110199241,105.7010779,NaN,NaN
NorthAmerica,EPS,0.03,sphere,0.0001,0.0001,0.072209583,13.90822806,0.219182652,0.393442623,0.770799141,31.23310495,NaN,NaN
NorthAmerica,EPS,0.03,sphere,1.00E-05,1.00E-05,0.137643072,1.076551247,0.219219219,0.016415869,1.017058158,0.933172004,NaN,NaN
NorthAmerica,EPS,0.03,sphere,1.00E-06,1.00E-06,0.041092931,0.727128418,0.225396825,0.156356082,1.017058158,0.980850311,NaN,NaN
NorthAmerica,EPS,0.03,fiber,0.005,0.001,0.014965441,0.733379781,0.026058632,0.017121536,0.051461036,44.62503216,NaN,NaN
NorthAmerica,EPS,0.03,fiber,0.001,0.0001,0.046407443,10.152662,0.216216216,0.192,0.388066624,45.33506042,NaN,NaN
NorthAmerica,EPS,0.03,fiber,0.0001,1.00E-05,0.202116425,3.96179212,NaN,0.02646086,NaN,4.871722744,NaN,NaN
NorthAmerica,EPS,0.03,fiber,5.00E-05,1.00E-06,0.047323269,0.475412114,NaN,NaN,NaN,NaN,NaN,NaN
NorthAmerica,EPS,0.03,fiber,0.025,0.005,0.02206338,0.427357895,NaN,NaN,NaN,NaN,NaN,NaN
NorthAmerica,HDPE,0.953,sphere,0.005,0.005,0.018904838,2.53080092,0.115593419,0.151631046,0.216285483,24.02418717,NaN,NaN
NorthAmerica,HDPE,0.953,sphere,0.001,0.001,0.067717004,19.63169866,0.216216216,6.000000001,0.607267806,137.6799066,NaN,NaN
NorthAmerica,HDPE,0.953,sphere,0.0001,0.0001,0.463248854,25.81172955,NaN,0.299071207,NaN,48.69624673,NaN,NaN
NorthAmerica,HDPE,0.953,sphere,1.00E-05,1.00E-05,0.149898139,1.066945731,0.22329929,0.289156627,1.349760924,0.885596661,NaN,NaN
NorthAmerica,HDPE,0.953,sphere,1.00E-06,1.00E-06,0.047545926,0.616043294,0.226415094,NaN,2.137161427,0.875819942,NaN,NaN
NorthAmerica,HDPE,0.953,fiber,0.005,0.001,0.045713716,14.50152904,0.213337547,0.055172414,0.352857833,136.6560085,NaN,NaN
NorthAmerica,HDPE,0.953,fiber,0.001,0.0001,0.373422869,41.98143956,NaN,0.410286382,NaN,91.9604542,NaN,NaN
NorthAmerica,HDPE,0.953,fiber,0.0001,1.00E-05,0.488724239,4.237295416,NaN,0.282352941,NaN,4.526031065,NaN,NaN
NorthAmerica,HDPE,0.953,fiber,5.00E-05,1.00E-06,0.054516689,0.587084811,NaN,0.233009709,NaN,4.318744384,NaN,NaN
NorthAmerica,HDPE,0.953,fiber,0.025,0.005,0.017237191,1.39350745,0.120547945,0.039696094,0.089876187,91.38482382,NaN,NaN
NorthAmerica,LDPE,0.915,sphere,0.005,0.005,0.01599254,1.662406865,0.027355978,0.052081686,0.16031976,41.63812291,NaN,NaN
NorthAmerica,LDPE,0.915,sphere,0.001,0.001,0.047277882,15.96250005,0.216216216,1.164835165,0.366012679,129.1626805,NaN,NaN
NorthAmerica,LDPE,0.915,sphere,0.0001,0.0001,0.354562626,24.69819615,NaN,0.363636364,NaN,45.42214094,NaN,NaN
NorthAmerica,LDPE,0.915,sphere,1.00E-05,1.00E-05,0.188891929,1.082622468,0.222222222,0.363636364,0.309415316,0.949191495,NaN,NaN
NorthAmerica,LDPE,0.915,sphere,1.00E-06,1.00E-06,0.039025674,0.601982989,0.222222222,0.363636364,0.309415316,1.013737596,NaN,NaN
NorthAmerica,LDPE,0.915,fiber,0.005,0.001,0.034842431,8.780698194,0.218181818,NaN,0.215869137,142.3736507,NaN,NaN
NorthAmerica,LDPE,0.915,fiber,0.001,0.0001,0.27310526,37.95490767,NaN,0.71657754,NaN,73.04461195,NaN,NaN
NorthAmerica,LDPE,0.915,fiber,0.0001,1.00E-05,0.490074606,4.180513352,NaN,0.113207547,NaN,4.474134818,NaN,NaN
NorthAmerica,LDPE,0.915,fiber,5.00E-05,1.00E-06,0.031150837,0.564600752,NaN,0.285714286,NaN,4.249497879,NaN,NaN
NorthAmerica,LDPE,0.915,fiber,0.025,0.005,0.013159869,0.83923678,0.024381787,0.015645372,0.075954644,70.67565235,NaN,NaN
NorthAmerica,PET,1.35,sphere,0.005,0.005,7084421.808,19989.02895,NaN,NaN,NaN,NaN,NaN,NaN
NorthAmerica,PET,1.35,sphere,0.001,0.001,456673.3077,5075.073452,NaN,NaN,NaN,NaN,NaN,NaN
NorthAmerica,PET,1.35,sphere,0.0001,0.0001,350.5481753,135.690195,NaN,NaN,NaN,NaN,NaN,NaN
NorthAmerica,PET,1.35,sphere,1.00E-05,1.00E-05,0.199875384,1.107231295,0.224299065,0.020716911,1.804716881,0.919345335,NaN,NaN
NorthAmerica,PET,1.35,sphere,1.00E-06,1.00E-06,0.039788696,0.653540064,NaN,0.615384615,NaN,0.833299579,NaN,NaN
NorthAmerica,PET,1.35,fiber,0.005,0.001,372771.3167,4585.226251,NaN,NaN,NaN,NaN,NaN,NaN
NorthAmerica,PET,1.35,fiber,0.001,0.0001,2963.285203,405.7591434,NaN,NaN,NaN,NaN,NaN,NaN
NorthAmerica,PET,1.35,fiber,0.0001,1.00E-05,1.805195286,4.507876968,NaN,0.162064826,NaN,4.3017867,NaN,NaN
NorthAmerica,PET,1.35,fiber,5.00E-05,1.00E-06,0.058743389,0.566848896,NaN,0.172335601,NaN,4.257961381,NaN,NaN
NorthAmerica,PET,1.35,fiber,0.025,0.005,2187763.887,11108.0989,NaN,NaN,NaN,NaN,NaN,NaN
NorthAmerica,PP,0.88,sphere,0.005,0.005,0.013197369,1.368966052,0.022304833,0.019169329,0.086185922,37.58162703,NaN,NaN
NorthAmerica,PP,0.88,sphere,0.001,0.001,0.037721744,9.042060946,0.216216216,0.303797468,0.299561465,59.21850113,NaN,NaN
NorthAmerica,PP,0.88,sphere,0.0001,0.0001,0.284105582,23.60826716,NaN,0.533596838,NaN,42.68667739,NaN,NaN
NorthAmerica,PP,0.88,sphere,1.00E-05,1.00E-05,0.167575753,1.086111346,0.224299065,0.206896552,0.920956729,1.004336504,NaN,NaN
NorthAmerica,PP,0.88,sphere,1.00E-06,1.00E-06,0.028991269,0.497500331,0.224299065,0.011030348,0.905541823,1.078554022,NaN,NaN
NorthAmerica,PP,0.88,fiber,0.005,0.001,0.030705639,4.237998999,0.036754349,0.114123069,0.461498735,101.7712774,NaN,NaN
NorthAmerica,PP,0.88,fiber,0.001,0.0001,0.19880902,37.4279482,0.216216216,0.702886248,10.61683242,63.64044737,NaN,NaN
NorthAmerica,PP,0.88,fiber,0.0001,1.00E-05,0.476038806,4.147880956,NaN,0.322510823,NaN,4.336122778,NaN,NaN
NorthAmerica,PP,0.88,fiber,5.00E-05,1.00E-06,0.055142268,0.521236335,0.216216216,0.311688312,0.321755241,2.117004625,NaN,NaN
NorthAmerica,PP,0.88,fiber,0.025,0.005,0.017920077,0.690528952,0.029925187,0.068571429,0.053163748,42.05773995,NaN,NaN
NorthAmerica,PS,1.06,sphere,0.005,0.005,579313.5309,5716.054458,NaN,NaN,NaN,NaN,NaN,NaN
NorthAmerica,PS,1.06,sphere,0.001,0.001,17996.96383,1012.626186,NaN,NaN,NaN,NaN,NaN,NaN
NorthAmerica,PS,1.06,sphere,0.0001,0.0001,8.308734852,35.56272103,NaN,0.324324324,NaN,55.06003399,NaN,NaN
NorthAmerica,PS,1.06,sphere,1.00E-05,1.00E-05,0.166213728,1.064155795,0.208695652,0.034934498,0.454373658,0.97657202,NaN,NaN
NorthAmerica,PS,1.06,sphere,1.00E-06,1.00E-06,0.041865302,0.677148267,0.213438735,0.324324324,0.790708895,0.946117632,NaN,NaN
NorthAmerica,PS,1.06,fiber,0.005,0.001,24370.05583,1174.694453,NaN,NaN,NaN,NaN,NaN,NaN
NorthAmerica,PS,1.06,fiber,0.001,0.0001,76.51603671,85.49912063,NaN,NaN,NaN,NaN,NaN,NaN
NorthAmerica,PS,1.06,fiber,0.0001,1.00E-05,0.65656756,4.212478339,NaN,0.269662921,NaN,4.308499132,NaN,NaN
NorthAmerica,PS,1.06,fiber,5.00E-05,1.00E-06,0.046787586,0.55810891,0.029776675,0.263736264,0.483588998,4.010268884,NaN,NaN
NorthAmerica,PS,1.06,fiber,0.025,0.005,269082.1019,3895.668009,NaN,NaN,NaN,NaN,NaN,NaN
Oceania,EPS,0.03,sphere,0.005,0.005,0.057684107,1.336151345,0.022922636,NaN,0.114465477,10.54695764,NaN,NaN
Oceania,EPS,0.03,sphere,0.001,0.001,0.072945877,1.337069581,0.026666667,0.081355932,0.190550342,271.3951736,NaN,NaN
Oceania,EPS,0.03,sphere,0.0001,0.0001,0.06560581,13.53236388,NaN,NaN,NaN,NaN,NaN,NaN
Oceania,EPS,0.03,sphere,1.00E-05,1.00E-05,0.080796819,1.540086145,NaN,0.045112782,NaN,0.984026863,NaN,NaN
Oceania,EPS,0.03,sphere,1.00E-06,1.00E-06,0.067632512,1.500448382,0.029339853,0.059366207,0.129911682,0.319500913,NaN,NaN
Oceania,EPS,0.03,fiber,0.005,0.001,0.064450701,1.450609387,0.025330161,0.046153846,0.102371305,81.12370545,NaN,NaN
Oceania,EPS,0.03,fiber,0.001,0.0001,0.041202532,13.39612482,NaN,NaN,NaN,NaN,NaN,NaN
Oceania,EPS,0.03,fiber,0.0001,1.00E-05,0.150720388,3.843130311,NaN,NaN,NaN,NaN,NaN,NaN
Oceania,EPS,0.03,fiber,5.00E-05,1.00E-06,0.115687699,3.310596134,0.027522936,0.208695652,0.291605222,0.442721067,NaN,NaN
Oceania,EPS,0.03,fiber,0.025,0.005,0.095430381,2.946743041,0.027149321,0.208695652,1.458823404,0.364112975,NaN,NaN
Oceania,HDPE,0.953,sphere,0.005,0.005,0.101336281,1.570080382,0.0268757,0.064,0.362943227,740.8761303,NaN,NaN
Oceania,HDPE,0.953,sphere,0.001,0.001,0.065927381,25.99152075,NaN,NaN,NaN,NaN,NaN,NaN
Oceania,HDPE,0.953,sphere,0.0001,0.0001,0.402508922,23.05508408,NaN,NaN,NaN,NaN,NaN,NaN
Oceania,HDPE,0.953,sphere,1.00E-05,1.00E-05,0.112039186,1.559959805,NaN,0.054065407,NaN,0.828335761,NaN,NaN
Oceania,HDPE,0.953,sphere,1.00E-06,1.00E-06,0.083795768,1.52189304,0.025036003,0.054065407,0.16621055,0.760444223,NaN,NaN
Oceania,HDPE,0.953,fiber,0.005,0.001,0.045658779,13.75435916,NaN,NaN,NaN,NaN,NaN,NaN
Oceania,HDPE,0.953,fiber,0.001,0.0001,0.336215892,36.71611085,NaN,NaN,NaN,NaN,NaN,NaN
Oceania,HDPE,0.953,fiber,0.0001,1.00E-05,0.271955347,4.155135993,NaN,NaN,NaN,NaN,NaN,NaN
Oceania,HDPE,0.953,fiber,5.00E-05,1.00E-06,0.159115834,3.73072181,NaN,NaN,NaN,NaN,NaN,NaN
Oceania,HDPE,0.953,fiber,0.025,0.005,0.090879489,2.045764465,0.02695116,0.144625549,0.181157246,566.5345301,NaN,NaN
Oceania,LDPE,0.915,sphere,0.005,0.005,0.073997299,1.838678708,0.026860669,0.060154338,0.199341936,506.2472857,NaN,NaN
Oceania,LDPE,0.915,sphere,0.001,0.001,0.046710111,17.64212777,NaN,NaN,NaN,NaN,NaN,NaN
Oceania,LDPE,0.915,sphere,0.0001,0.0001,0.294912334,21.18719091,NaN,NaN,NaN,NaN,NaN,NaN
Oceania,LDPE,0.915,sphere,1.00E-05,1.00E-05,0.11045095,1.530550978,0.028469751,0.035560551,1.380157233,0.924519706,NaN,NaN
Oceania,LDPE,0.915,sphere,1.00E-06,1.00E-06,0.09198577,1.495708138,0.026936027,0.040589875,0.372413793,0.338742018,NaN,NaN
Oceania,LDPE,0.915,fiber,0.005,0.001,0.045444511,4.228041147,0.03034134,0.165517241,3.161910601,438.9612884,NaN,NaN
Oceania,LDPE,0.915,fiber,0.001,0.0001,0.245130278,33.15515712,NaN,NaN,NaN,NaN,NaN,NaN
Oceania,LDPE,0.915,fiber,0.0001,1.00E-05,0.2709054,4.132437412,NaN,NaN,NaN,NaN,NaN,NaN
Oceania,LDPE,0.915,fiber,5.00E-05,1.00E-06,0.177098233,3.525299529,0.030456853,NaN,0.187786456,0.286619052,NaN,NaN
Oceania,LDPE,0.915,fiber,0.025,0.005,0.1268193,3.163091694,0.026287471,0.079470199,0.113174276,183.6176547,NaN,NaN
Oceania,PET,1.35,sphere,0.005,0.005,2833270.196,19859.28281,NaN,NaN,NaN,NaN,NaN,NaN
Oceania,PET,1.35,sphere,0.001,0.001,181886.5804,5031.760281,NaN,NaN,NaN,NaN,NaN,NaN
Oceania,PET,1.35,sphere,0.0001,0.0001,143.4902147,135.2941128,NaN,NaN,NaN,NaN,NaN,NaN
Oceania,PET,1.35,sphere,1.00E-05,1.00E-05,0.126344959,1.596431812,NaN,0.131147541,NaN,1.063664986,NaN,NaN
Oceania,PET,1.35,sphere,1.00E-06,1.00E-06,0.095674201,1.52129314,NaN,0.132989501,NaN,0.877847693,NaN,NaN
Oceania,PET,1.35,fiber,0.005,0.001,148862.8326,4552.110078,NaN,NaN,NaN,NaN,NaN,NaN
Oceania,PET,1.35,fiber,0.001,0.0001,1172.25864,402.8908308,NaN,NaN,NaN,NaN,NaN,NaN
Oceania,PET,1.35,fiber,0.0001,1.00E-05,0.631341184,4.538495388,NaN,0.065256423,NaN,4.262408811,NaN,NaN
Oceania,PET,1.35,fiber,5.00E-05,1.00E-06,0.339568023,3.791542136,0.025531915,0.066852368,0.271019579,2.317150772,NaN,NaN
Oceania,PET,1.35,fiber,0.025,0.005,876372.8263,11044.95757,NaN,NaN,NaN,NaN,NaN,NaN
Oceania,PP,0.88,sphere,0.005,0.005,0.400723397,11025.22448,0.026229508,0.042649327,0.146181224,450.8980717,NaN,NaN
Oceania,PP,0.88,sphere,0.001,0.001,0.035805429,13.00179098,0.035928144,0.827586207,4.769560875,172.705931,NaN,NaN
Oceania,PP,0.88,sphere,0.0001,0.0001,0.235591832,20.13796451,NaN,NaN,NaN,NaN,NaN,NaN
Oceania,PP,0.88,sphere,1.00E-05,1.00E-05,0.105857163,1.572143184,NaN,0.038034865,NaN,0.993491196,NaN,NaN
Oceania,PP,0.88,sphere,1.00E-06,1.00E-06,0.088296954,1.509459858,0.027554535,0.046555053,0.150393917,0.233457292,NaN,NaN
Oceania,PP,0.88,fiber,0.005,0.001,0.088848203,1.720553217,0.027522936,0.07523511,1.339288497,463.8439964,NaN,NaN
Oceania,PP,0.88,fiber,0.001,0.0001,0.180789734,30.46178202,NaN,NaN,NaN,NaN,NaN,NaN
Oceania,PP,0.88,fiber,0.0001,1.00E-05,0.255892905,4.124552415,NaN,0.078175896,NaN,4.681819952,NaN,NaN
Oceania,PP,0.88,fiber,5.00E-05,1.00E-06,0.154994976,3.547740319,0.036199095,0.218192425,3.558586992,0.418391181,NaN,NaN
Oceania,PP,0.88,fiber,0.025,0.005,0.107348963,2.187561458,0.025223673,0.078175896,0.092461022,93.31380228,NaN,NaN
Oceania,PS,1.06,sphere,0.005,0.005,210850.5231,5417.60023,NaN,NaN,NaN,NaN,NaN,NaN
Oceania,PS,1.06,sphere,0.001,0.001,6374.527425,944.0882723,NaN,NaN,NaN,NaN,NaN,NaN
Oceania,PS,1.06,sphere,0.0001,0.0001,3.438094756,30.42040731,NaN,NaN,NaN,NaN,NaN,NaN
Oceania,PS,1.06,sphere,1.00E-05,1.00E-05,0.110498782,1.622021963,NaN,0.035137696,NaN,1.16262882,NaN,NaN
Oceania,PS,1.06,sphere,1.00E-06,1.00E-06,0.089659323,1.540084797,0.02,0.034833091,0.351726408,0.761778656,NaN,NaN
Oceania,PS,1.06,fiber,0.005,0.001,8786.291635,1107.730772,NaN,NaN,NaN,NaN,NaN,NaN
Oceania,PS,1.06,fiber,0.001,0.0001,28.21035498,74.07069086,NaN,NaN,NaN,NaN,NaN,NaN
Oceania,PS,1.06,fiber,0.0001,1.00E-05,0.319722797,4.262332976,NaN,0.06557377,NaN,5.201408342,NaN,NaN
Oceania,PS,1.06,fiber,5.00E-05,1.00E-06,0.192748055,3.677462449,0.026475053,0.032885489,0.224387259,0.350600191,NaN,NaN
Oceania,PS,1.06,fiber,0.025,0.005,99817.20897,3727.54004,NaN,NaN,NaN,NaN,NaN,NaN
SeaOkhotsk,EPS,0.03,sphere,0.005,0.005,0.141068292,2.743189015,NaN,NaN,NaN,NaN,NaN,NaN
SeaOkhotsk,EPS,0.03,sphere,0.001,0.001,0.158110685,2.325748872,0.01937046,0.073846154,0.066912849,9.166709162,NaN,NaN
SeaOkhotsk,EPS,0.03,sphere,0.0001,0.0001,0.102011102,3.844023316,NaN,NaN,NaN,NaN,NaN,NaN
SeaOkhotsk,EPS,0.03,sphere,1.00E-05,1.00E-05,0.232970777,2.987947867,NaN,NaN,NaN,NaN,NaN,NaN
SeaOkhotsk,EPS,0.03,sphere,1.00E-06,1.00E-06,0.160608161,2.373447054,NaN,NaN,NaN,NaN,NaN,NaN
SeaOkhotsk,EPS,0.03,fiber,0.005,0.001,0.151120681,2.39862049,NaN,NaN,NaN,NaN,NaN,NaN
SeaOkhotsk,EPS,0.03,fiber,0.001,0.0001,0.123241563,2.908502197,NaN,NaN,NaN,NaN,NaN,NaN
SeaOkhotsk,EPS,0.03,fiber,0.0001,1.00E-05,0.312689948,5.021269113,NaN,NaN,NaN,NaN,NaN,NaN
SeaOkhotsk,EPS,0.03,fiber,5.00E-05,1.00E-06,0.295487366,2.933792722,NaN,NaN,NaN,NaN,NaN,NaN
SeaOkhotsk,EPS,0.03,fiber,0.025,0.005,0.122754662,2.657609511,NaN,NaN,NaN,NaN,NaN,NaN
SeaOkhotsk,HDPE,0.953,sphere,0.005,0.005,0.183230341,2.367049882,NaN,NaN,NaN,NaN,NaN,NaN
SeaOkhotsk,HDPE,0.953,sphere,0.001,0.001,0.113006129,3.342185468,NaN,NaN,NaN,NaN,NaN,NaN
SeaOkhotsk,HDPE,0.953,sphere,0.0001,0.0001,0.44759939,7.678896149,NaN,NaN,NaN,NaN,NaN,NaN
SeaOkhotsk,HDPE,0.953,sphere,1.00E-05,1.00E-05,0.26567726,2.835226537,NaN,NaN,NaN,NaN,NaN,NaN
SeaOkhotsk,HDPE,0.953,sphere,1.00E-06,1.00E-06,0.143186169,2.384382135,NaN,NaN,NaN,NaN,NaN,NaN
SeaOkhotsk,HDPE,0.953,fiber,0.005,0.001,0.110989022,3.253820939,NaN,NaN,NaN,NaN,NaN,NaN
SeaOkhotsk,HDPE,0.953,fiber,0.001,0.0001,0.33364351,8.396398581,NaN,NaN,NaN,NaN,NaN,NaN
SeaOkhotsk,HDPE,0.953,fiber,0.0001,1.00E-05,1.30845593,8.282946476,NaN,NaN,NaN,NaN,NaN,NaN
SeaOkhotsk,HDPE,0.953,fiber,5.00E-05,1.00E-06,0.326674717,2.810227258,NaN,NaN,NaN,NaN,NaN,NaN
SeaOkhotsk,HDPE,0.953,fiber,0.025,0.005,0.140728641,2.398864702,NaN,NaN,NaN,NaN,NaN,NaN
SeaOkhotsk,LDPE,0.915,sphere,0.005,0.005,0.160497637,2.524768291,NaN,0.03301238,NaN,5.072595132,NaN,NaN
SeaOkhotsk,LDPE,0.915,sphere,0.001,0.001,0.118545768,2.770927537,NaN,NaN,NaN,NaN,NaN,NaN
SeaOkhotsk,LDPE,0.915,sphere,0.0001,0.0001,0.334167866,5.856561452,NaN,NaN,NaN,NaN,NaN,NaN
SeaOkhotsk,LDPE,0.915,sphere,1.00E-05,1.00E-05,0.242049355,2.656600758,NaN,NaN,NaN,NaN,NaN,NaN
SeaOkhotsk,LDPE,0.915,sphere,1.00E-06,1.00E-06,0.147585321,2.37193084,0.018838305,NaN,1.583151471,0.356297956,NaN,NaN
SeaOkhotsk,LDPE,0.915,fiber,0.005,0.001,0.103315459,2.687275268,NaN,NaN,NaN,NaN,NaN,NaN
SeaOkhotsk,LDPE,0.915,fiber,0.001,0.0001,0.255591052,5.841789224,NaN,NaN,NaN,NaN,NaN,NaN
SeaOkhotsk,LDPE,0.915,fiber,0.0001,1.00E-05,1.059438301,7.865101561,NaN,NaN,NaN,NaN,NaN,NaN
SeaOkhotsk,LDPE,0.915,fiber,5.00E-05,1.00E-06,0.341146842,2.996576224,NaN,NaN,NaN,NaN,NaN,NaN
SeaOkhotsk,LDPE,0.915,fiber,0.025,0.005,0.167209632,2.408411957,0.013475576,0.8,0.048158962,18.76675712,NaN,NaN
SeaOkhotsk,PET,1.35,sphere,0.005,0.005,15004501.49,19902.72319,NaN,NaN,NaN,NaN,NaN,NaN
SeaOkhotsk,PET,1.35,sphere,0.001,0.001,964615.1782,5046.368711,NaN,NaN,NaN,NaN,NaN,NaN
SeaOkhotsk,PET,1.35,sphere,0.0001,0.0001,736.9297987,137.4006493,NaN,NaN,NaN,NaN,NaN,NaN
SeaOkhotsk,PET,1.35,sphere,1.00E-05,1.00E-05,0.349488789,3.025306574,NaN,NaN,NaN,NaN,NaN,NaN
SeaOkhotsk,PET,1.35,sphere,1.00E-06,1.00E-06,0.184014498,2.675029497,NaN,NaN,NaN,NaN,NaN,NaN
SeaOkhotsk,PET,1.35,fiber,0.005,0.001,788777.6249,4563.301907,NaN,NaN,NaN,NaN,NaN,NaN
SeaOkhotsk,PET,1.35,fiber,0.001,0.0001,6237.987965,405.8113653,NaN,NaN,NaN,NaN,NaN,NaN
SeaOkhotsk,PET,1.35,fiber,0.0001,1.00E-05,3.463874733,6.38439838,NaN,NaN,NaN,NaN,NaN,NaN
SeaOkhotsk,PET,1.35,fiber,5.00E-05,1.00E-06,0.180557882,2.365153735,NaN,NaN,NaN,NaN,NaN,NaN
SeaOkhotsk,PET,1.35,fiber,0.025,0.005,4638896.053,11066.47268,NaN,NaN,NaN,NaN,NaN,NaN
SeaOkhotsk,PP,0.88,sphere,0.005,0.005,0.153165883,2.184782493,0.016853933,NaN,0.097336723,12.85006226,NaN,NaN
SeaOkhotsk,PP,0.88,sphere,0.001,0.001,0.119414586,2.930631092,NaN,NaN,NaN,NaN,NaN,NaN
SeaOkhotsk,PP,0.88,sphere,0.0001,0.0001,0.258728731,5.277872395,NaN,NaN,NaN,NaN,NaN,NaN
SeaOkhotsk,PP,0.88,sphere,1.00E-05,1.00E-05,0.24512281,2.728660334,NaN,NaN,NaN,NaN,NaN,NaN
SeaOkhotsk,PP,0.88,sphere,1.00E-06,1.00E-06,0.168075319,2.281880866,NaN,NaN,NaN,NaN,NaN,NaN
SeaOkhotsk,PP,0.88,fiber,0.005,0.001,0.150475698,2.316730984,NaN,NaN,NaN,NaN,NaN,NaN
SeaOkhotsk,PP,0.88,fiber,0.001,0.0001,0.187148758,6.168725516,NaN,NaN,NaN,NaN,NaN,NaN
SeaOkhotsk,PP,0.88,fiber,0.0001,1.00E-05,0.97490958,7.711772725,NaN,NaN,NaN,NaN,NaN,NaN
SeaOkhotsk,PP,0.88,fiber,5.00E-05,1.00E-06,0.347638959,2.851068259,NaN,NaN,NaN,NaN,NaN,NaN
SeaOkhotsk,PP,0.88,fiber,0.025,0.005,0.160193803,2.556423711,NaN,0.02268431,NaN,5.582477378,NaN,NaN
SeaOkhotsk,PS,1.06,sphere,0.005,0.005,1153466.748,5518.288697,NaN,NaN,NaN,NaN,NaN,NaN
SeaOkhotsk,PS,1.06,sphere,0.001,0.001,35264.72741,964.8775973,NaN,NaN,NaN,NaN,NaN,NaN
SeaOkhotsk,PS,1.06,sphere,0.0001,0.0001,10.59004444,15.63642878,NaN,NaN,NaN,NaN,NaN,NaN
SeaOkhotsk,PS,1.06,sphere,1.00E-05,1.00E-05,0.313568435,3.020069611,NaN,NaN,NaN,NaN,NaN,NaN
SeaOkhotsk,PS,1.06,sphere,1.00E-06,1.00E-06,0.144429114,2.414569597,NaN,NaN,NaN,NaN,NaN,NaN
SeaOkhotsk,PS,1.06,fiber,0.005,0.001,66926.09806,1329.228694,NaN,NaN,NaN,NaN,NaN,NaN
SeaOkhotsk,PS,1.06,fiber,0.001,0.0001,168.261259,68.48660979,NaN,NaN,NaN,NaN,NaN,NaN
SeaOkhotsk,PS,1.06,fiber,0.0001,1.00E-05,3.021483317,9.414033678,NaN,NaN,NaN,NaN,NaN,NaN
SeaOkhotsk,PS,1.06,fiber,5.00E-05,1.00E-06,0.325873129,2.846462518,NaN,NaN,NaN,NaN,NaN,NaN
SeaOkhotsk,PS,1.06,fiber,0.025,0.005,542640.553,3784.93189,NaN,NaN,NaN,NaN,NaN,NaN
SouthAmerica,EPS,0.03,sphere,0.005,0.005,0.132309588,2.448692052,0.068965517,NaN,0.130817163,0.371535852,NaN,NaN
SouthAmerica,EPS,0.03,sphere,0.001,0.001,0.160385537,3.088819114,0.056206089,0.112149533,0.127744999,53.50316564,NaN,NaN
SouthAmerica,EPS,0.03,sphere,0.0001,0.0001,0.076631259,4.542945391,0.082191781,1.263157895,5.341243255,45.62146831,NaN,NaN
SouthAmerica,EPS,0.03,sphere,1.00E-05,1.00E-05,0.180891698,2.644420248,0.087272727,0.102349604,1.213177013,0.891761277,NaN,NaN
SouthAmerica,EPS,0.03,sphere,1.00E-06,1.00E-06,0.134247946,2.636129389,0.062992126,0.12,0.170038946,0.346043859,NaN,NaN
SouthAmerica,EPS,0.03,fiber,0.005,0.001,0.121495973,2.946148497,0.06185567,0.156,0.048483011,12.66976117,NaN,NaN
SouthAmerica,EPS,0.03,fiber,0.001,0.0001,0.16391591,2.558122293,0.060765725,0.486796785,1.497111081,138.0215426,NaN,NaN
SouthAmerica,EPS,0.03,fiber,0.0001,1.00E-05,0.192983803,3.969143036,NaN,0.05955335,NaN,4.610100469,NaN,NaN
SouthAmerica,EPS,0.03,fiber,5.00E-05,1.00E-06,0.150853729,3.126916358,0.061696658,0.12394849,0.176944457,0.255531444,NaN,NaN
SouthAmerica,EPS,0.03,fiber,0.025,0.005,0.148665438,2.928335156,0.061646817,NaN,0.089499788,0.366536455,NaN,NaN
SouthAmerica,HDPE,0.953,sphere,0.005,0.005,0.123322842,3.056537888,0.057976427,0.279069767,0.135791584,193.49883,NaN,NaN
SouthAmerica,HDPE,0.953,sphere,0.001,0.001,0.094219454,4.131316047,0.072911673,0.202297702,3.379418517,293.4928584,NaN,NaN
SouthAmerica,HDPE,0.953,sphere,0.0001,0.0001,0.420260989,12.6556862,NaN,NaN,NaN,NaN,NaN,NaN
SouthAmerica,HDPE,0.953,sphere,1.00E-05,1.00E-05,0.19529539,2.633940134,NaN,0.142011834,NaN,0.95044031,NaN,NaN
SouthAmerica,HDPE,0.953,sphere,1.00E-06,1.00E-06,0.147297212,2.897456987,0.07554535,0.067226891,0.106121959,1.095244337,NaN,NaN
SouthAmerica,HDPE,0.953,fiber,0.005,0.001,0.108934792,2.776242418,0.055172414,0.099585062,1.21758293,454.1711233,NaN,NaN
SouthAmerica,HDPE,0.953,fiber,0.001,0.0001,0.331889959,19.57464967,NaN,NaN,NaN,NaN,NaN,NaN
SouthAmerica,HDPE,0.953,fiber,0.0001,1.00E-05,0.423698027,4.567509462,NaN,NaN,NaN,NaN,NaN,NaN
SouthAmerica,HDPE,0.953,fiber,5.00E-05,1.00E-06,0.190926267,2.961497353,0.05633927,0.542857143,0.198068,0.29129305,NaN,NaN
SouthAmerica,HDPE,0.953,fiber,0.025,0.005,0.128740928,2.921353646,0.056603774,0.109589041,0.086710668,88.73513011,NaN,NaN
SouthAmerica,LDPE,0.915,sphere,0.005,0.005,0.146260211,2.64155091,0.067252747,1.714285714,0.080901551,104.8788731,NaN,NaN
SouthAmerica,LDPE,0.915,sphere,0.001,0.001,0.127269103,2.70406049,0.067039106,0.307692308,0.918265776,451.073043,NaN,NaN
SouthAmerica,LDPE,0.915,sphere,0.0001,0.0001,0.328705403,11.9520023,NaN,NaN,NaN,NaN,NaN,NaN
SouthAmerica,LDPE,0.915,sphere,1.00E-05,1.00E-05,0.238654251,2.924984033,NaN,0.094488189,NaN,0.70418192,NaN,NaN
SouthAmerica,LDPE,0.915,sphere,1.00E-06,1.00E-06,0.113319824,2.822875103,0.059259259,0.75,0.14746994,0.438658919,NaN,NaN
SouthAmerica,LDPE,0.915,fiber,0.005,0.001,0.173493067,2.274296669,0.06504065,0.12371134,0.415050891,433.1498534,NaN,NaN
SouthAmerica,LDPE,0.915,fiber,0.001,0.0001,0.247314782,17.55359772,NaN,NaN,NaN,NaN,NaN,NaN
SouthAmerica,LDPE,0.915,fiber,0.0001,1.00E-05,0.409367881,4.447691351,NaN,NaN,NaN,NaN,NaN,NaN
SouthAmerica,LDPE,0.915,fiber,5.00E-05,1.00E-06,0.154193226,2.677521492,0.062663185,0.2,0.147900219,0.270595417,NaN,NaN
SouthAmerica,LDPE,0.915,fiber,0.025,0.005,0.127646186,2.94744445,0.06779661,0.111315939,0.059552394,29.96349084,NaN,NaN
SouthAmerica,PET,1.35,sphere,0.005,0.005,5070158.984,19988.20631,NaN,NaN,NaN,NaN,NaN,NaN
SouthAmerica,PET,1.35,sphere,0.001,0.001,326754.948,5074.276999,NaN,NaN,NaN,NaN,NaN,NaN
SouthAmerica,PET,1.35,sphere,0.0001,0.0001,249.8719119,139.7897157,NaN,NaN,NaN,NaN,NaN,NaN
SouthAmerica,PET,1.35,sphere,1.00E-05,1.00E-05,0.243974653,2.870007038,0.054054054,0.119402985,0.489054736,0.915443318,NaN,NaN
SouthAmerica,PET,1.35,sphere,1.00E-06,1.00E-06,0.139772439,2.992101385,0.055045872,1.846153846,0.086287317,0.483737264,NaN,NaN
SouthAmerica,PET,1.35,fiber,0.005,0.001,266619.1369,4583.621603,NaN,NaN,NaN,NaN,NaN,NaN
SouthAmerica,PET,1.35,fiber,0.001,0.0001,2123.087985,406.8214624,NaN,NaN,NaN,NaN,NaN,NaN
SouthAmerica,PET,1.35,fiber,0.0001,1.00E-05,1.230577157,6.225750328,NaN,NaN,NaN,NaN,NaN,NaN
SouthAmerica,PET,1.35,fiber,5.00E-05,1.00E-06,0.168679159,2.761192281,0.064516129,0.123076923,0.143119854,0.428172964,NaN,NaN
SouthAmerica,PET,1.35,fiber,0.025,0.005,1565977.424,11108.51006,NaN,NaN,NaN,NaN,NaN,NaN
SouthAmerica,PP,0.88,sphere,0.005,0.005,0.135886417,3.055732361,0.05811138,0.436363636,0.08495924,74.21927119,NaN,NaN
SouthAmerica,PP,0.88,sphere,0.001,0.001,0.144042074,2.865030026,0.060759494,0.12371134,0.608560627,476.5373516,NaN,NaN
SouthAmerica,PP,0.88,sphere,0.0001,0.0001,0.238656927,12.24942015,NaN,NaN,NaN,NaN,NaN,NaN
SouthAmerica,PP,0.88,sphere,1.00E-05,1.00E-05,0.182831637,2.788443812,NaN,0.180451128,NaN,0.763965035,NaN,NaN
SouthAmerica,PP,0.88,sphere,1.00E-06,1.00E-06,0.118414124,2.514417638,0.055555556,0.146341463,0.069431495,0.38690112,NaN,NaN
SouthAmerica,PP,0.88,fiber,0.005,0.001,0.129644618,2.743842256,0.065155891,1.266666667,0.292354032,320.7970924,NaN,NaN
SouthAmerica,PP,0.88,fiber,0.001,0.0001,0.190113307,17.13855299,NaN,NaN,NaN,NaN,NaN,NaN
SouthAmerica,PP,0.88,fiber,0.0001,1.00E-05,0.359217614,4.353623272,NaN,NaN,NaN,NaN,NaN,NaN
SouthAmerica,PP,0.88,fiber,5.00E-05,1.00E-06,0.158512122,2.617769333,0.054485296,NaN,0.265588805,0.480960063,NaN,NaN
SouthAmerica,PP,0.88,fiber,0.025,0.005,0.115729358,2.183802902,0.058741259,NaN,0.063576423,2.37893855,NaN,NaN
SouthAmerica,PS,1.06,sphere,0.005,0.005,414489.5522,5715.048005,NaN,NaN,NaN,NaN,NaN,NaN
SouthAmerica,PS,1.06,sphere,0.001,0.001,12949.39611,1010.154637,NaN,NaN,NaN,NaN,NaN,NaN
SouthAmerica,PS,1.06,sphere,0.0001,0.0001,6.10731959,23.38502564,NaN,NaN,NaN,NaN,NaN,NaN
SouthAmerica,PS,1.06,sphere,1.00E-05,1.00E-05,0.210558969,2.785824653,0.073170732,0.130434783,3.472526517,0.904392279,NaN,NaN
SouthAmerica,PS,1.06,sphere,1.00E-06,1.00E-06,0.112223608,2.572983773,0.071711664,NaN,0.189309999,0.297176635,NaN,NaN
SouthAmerica,PS,1.06,fiber,0.005,0.001,17459.98921,1172.965086,NaN,NaN,NaN,NaN,NaN,NaN
SouthAmerica,PS,1.06,fiber,0.001,0.0001,57.21576984,68.92185902,NaN,NaN,NaN,NaN,NaN,NaN
SouthAmerica,PS,1.06,fiber,5.00E-05,1.00E-06,0.155901971,3.298126287,0.058823529,0.116504854,0.087326695,0.707689292,NaN,NaN
SouthAmerica,PS,1.06,fiber,0.025,0.005,192538.1281,3895.125646,NaN,NaN,NaN,NaN,NaN,NaN
EC-Japan,EPS,0.03,sphere,0.005,0.005,0.02889383,0.925715141,0.001900689,0.011461318,0.143548668,45.44061577,NaN,NaN
EC-Japan,EPS,0.03,sphere,0.001,0.001,0.032383453,1.627513517,NaN,0.014209591,NaN,93.03729474,NaN,NaN
EC-Japan,EPS,0.03,sphere,0.0001,0.0001,0.088699538,3.587158337,NaN,NaN,NaN,NaN,NaN,NaN
EC-Japan,EPS,0.03,sphere,1.00E-05,1.00E-05,0.151012356,1.547928201,NaN,NaN,NaN,NaN,NaN,NaN
EC-Japan,EPS,0.03,sphere,1.00E-06,1.00E-06,0.060602247,1.05677109,0.007523511,NaN,0.570507009,0.510269746,NaN,NaN
EC-Japan,EPS,0.03,fiber,0.005,0.001,0.047664095,1.349854249,0.007710751,0.034334764,0.160375082,77.6987604,NaN,NaN
EC-Japan,EPS,0.03,fiber,0.001,0.0001,0.061083357,3.117247754,NaN,NaN,NaN,NaN,NaN,NaN
EC-Japan,EPS,0.03,fiber,0.0001,1.00E-05,0.328396031,6.798898975,NaN,NaN,NaN,NaN,NaN,NaN
EC-Japan,EPS,0.03,fiber,5.00E-05,1.00E-06,0.281804696,1.912394382,NaN,NaN,NaN,NaN,NaN,NaN
EC-Japan,EPS,0.03,fiber,0.025,0.005,0.054284129,1.151864358,NaN,NaN,NaN,NaN,NaN,NaN
EC-Japan,HDPE,0.953,sphere,0.005,0.005,0.029939539,2.332954979,NaN,NaN,NaN,NaN,NaN,NaN
EC-Japan,HDPE,0.953,sphere,0.001,0.001,0.09232569,3.782930966,NaN,NaN,NaN,NaN,NaN,NaN
EC-Japan,HDPE,0.953,sphere,0.0001,0.0001,0.490128146,10.02984243,NaN,NaN,NaN,NaN,NaN,NaN
EC-Japan,HDPE,0.953,sphere,1.00E-05,1.00E-05,0.22879769,1.633140395,NaN,NaN,NaN,NaN,NaN,NaN
EC-Japan,HDPE,0.953,sphere,1.00E-06,1.00E-06,0.04874145,1.003246027,NaN,NaN,NaN,NaN,NaN,NaN
EC-Japan,HDPE,0.953,fiber,0.005,0.001,0.052520815,3.207034389,NaN,NaN,NaN,NaN,NaN,NaN
EC-Japan,HDPE,0.953,fiber,0.001,0.0001,0.374084149,15.18052866,NaN,NaN,NaN,NaN,NaN,NaN
EC-Japan,HDPE,0.953,fiber,0.0001,1.00E-05,1.330445241,10.26428131,NaN,NaN,NaN,NaN,NaN,NaN
EC-Japan,HDPE,0.953,fiber,5.00E-05,1.00E-06,0.307489092,1.773379962,NaN,NaN,NaN,NaN,NaN,NaN
EC-Japan,HDPE,0.953,fiber,0.025,0.005,0.033563753,1.484760597,0.010943912,0.029520295,0.473389852,89.95209173,NaN,NaN
EC-Japan,LDPE,0.915,sphere,0.005,0.005,0.024053201,1.652753003,NaN,0.023095426,NaN,114.0053951,NaN,NaN
EC-Japan,LDPE,0.915,sphere,0.001,0.001,0.057704975,3.195004483,NaN,NaN,NaN,NaN,NaN,NaN
EC-Japan,LDPE,0.915,sphere,0.0001,0.0001,0.3469696,8.815620499,NaN,NaN,NaN,NaN,NaN,NaN
EC-Japan,LDPE,0.915,sphere,1.00E-05,1.00E-05,0.184522576,1.601744404,NaN,NaN,NaN,NaN,NaN,NaN
EC-Japan,LDPE,0.915,sphere,1.00E-06,1.00E-06,0.061445052,1.197590931,0.006988934,NaN,0.383845892,0.570382308,NaN,NaN
EC-Japan,LDPE,0.915,fiber,0.005,0.001,0.04798152,3.120800929,NaN,NaN,NaN,NaN,NaN,NaN
EC-Japan,LDPE,0.915,fiber,0.001,0.0001,0.265920428,11.77197869,NaN,NaN,NaN,NaN,NaN,NaN
EC-Japan,LDPE,0.915,fiber,0.0001,1.00E-05,1.100002084,10.03699414,NaN,NaN,NaN,NaN,NaN,NaN
EC-Japan,LDPE,0.915,fiber,5.00E-05,1.00E-06,0.275278574,1.832381987,NaN,NaN,NaN,NaN,NaN,NaN
EC-Japan,LDPE,0.915,fiber,0.025,0.005,0.034304075,1.453240657,0.007736944,0.037009252,0.372372869,137.8161252,NaN,NaN
EC-Japan,PET,1.35,sphere,0.005,0.005,15331426.02,20118.38239,NaN,NaN,NaN,NaN,NaN,NaN
EC-Japan,PET,1.35,sphere,0.001,0.001,991806.516,5116.999931,NaN,NaN,NaN,NaN,NaN,NaN
EC-Japan,PET,1.35,sphere,0.0001,0.0001,779.1932028,140.8149284,NaN,NaN,NaN,NaN,NaN,NaN
EC-Japan,PET,1.35,sphere,1.00E-05,1.00E-05,0.379125631,1.89968703,NaN,NaN,NaN,NaN,NaN,NaN
EC-Japan,PET,1.35,sphere,1.00E-06,1.00E-06,0.059469382,1.098119077,NaN,NaN,NaN,NaN,NaN,NaN
EC-Japan,PET,1.35,fiber,0.005,0.001,807594.891,4617.412559,NaN,NaN,NaN,NaN,NaN,NaN
EC-Japan,PET,1.35,fiber,0.001,0.0001,23.72714103,20.49539115,NaN,NaN,NaN,NaN,NaN,NaN
EC-Japan,PET,1.35,fiber,0.0001,1.00E-05,0.089313089,1.132173811,NaN,NaN,NaN,NaN,NaN,NaN
EC-Japan,PET,1.35,fiber,5.00E-05,1.00E-06,0.048248806,1.120473082,NaN,NaN,NaN,NaN,NaN,NaN
EC-Japan,PET,1.35,fiber,0.025,0.005,4726354.785,11170.30242,NaN,NaN,NaN,NaN,NaN,NaN
EC-Japan,PP,0.88,sphere,0.005,0.005,0.022882764,1.628720562,0.008501594,0.034431414,0.418094028,153.973596,NaN,NaN
EC-Japan,PP,0.88,sphere,0.001,0.001,0.053295737,2.592689486,NaN,NaN,NaN,NaN,NaN,NaN
EC-Japan,PP,0.88,sphere,0.0001,0.0001,0.2810367,7.567935723,NaN,NaN,NaN,NaN,NaN,NaN
EC-Japan,PP,0.88,sphere,1.00E-05,1.00E-05,0.170956307,1.694001027,NaN,NaN,NaN,NaN,NaN,NaN
EC-Japan,PP,0.88,sphere,1.00E-06,1.00E-06,0.043868558,0.93750883,NaN,NaN,NaN,NaN,NaN,NaN
EC-Japan,PP,0.88,fiber,0.005,0.001,0.036719842,2.562033681,NaN,NaN,NaN,NaN,NaN,NaN
EC-Japan,PP,0.88,fiber,0.001,0.0001,0.200872901,9.713749958,NaN,NaN,NaN,NaN,NaN,NaN
EC-Japan,PP,0.88,fiber,0.0001,1.00E-05,0.940577214,9.900039331,NaN,NaN,NaN,NaN,NaN,NaN
EC-Japan,PP,0.88,fiber,5.00E-05,1.00E-06,0.260153762,1.673940532,NaN,NaN,NaN,NaN,NaN,NaN
EC-Japan,PP,0.88,fiber,0.025,0.005,0.036010821,1.374051281,0.006593047,0.029294563,0.181851093,49.73814126,NaN,NaN
EC-Japan,PS,1.06,sphere,0.005,0.005,1365841.355,6004.848466,NaN,NaN,NaN,NaN,NaN,NaN
EC-Japan,PS,1.06,sphere,0.001,0.001,43878.47237,1076.286022,NaN,NaN,NaN,NaN,NaN,NaN
EC-Japan,PS,1.06,sphere,0.0001,0.0001,299.3839223,445.8541415,NaN,NaN,NaN,NaN,NaN,NaN
EC-Japan,PS,1.06,sphere,1.00E-05,1.00E-05,0.247206399,1.679347558,NaN,NaN,NaN,NaN,NaN,NaN
EC-Japan,PS,1.06,sphere,1.00E-06,1.00E-06,0.038588231,1.143674406,NaN,0.028135991,NaN,0.155269546,NaN,NaN
EC-Japan,PS,1.06,fiber,0.005,0.001,57862.57226,1235.949749,NaN,NaN,NaN,NaN,NaN,NaN
EC-Japan,PS,1.06,fiber,0.001,0.0001,207.3709673,79.38833594,NaN,NaN,NaN,NaN,NaN,NaN
EC-Japan,PS,1.06,fiber,0.0001,1.00E-05,3.074572701,11.1440297,NaN,NaN,NaN,NaN,NaN,NaN
EC-Japan,PS,1.06,fiber,5.00E-05,1.00E-06,0.308529564,1.802001593,NaN,NaN,NaN,NaN,NaN,NaN
EC-Japan,PS,1.06,fiber,0.025,0.005,623118.1841,4055.899162,NaN,NaN,NaN,NaN,NaN,NaN
NorthSea,EPS,0.03,sphere,0.005,0.005,0.035976643,1.081459592,NaN,NaN,NaN,NaN,NaN,NaN
NorthSea,EPS,0.03,sphere,0.001,0.001,0.028959743,1.217802024,NaN,NaN,NaN,NaN,NaN,NaN
NorthSea,EPS,0.03,sphere,0.0001,0.0001,0.071620096,4.468411233,NaN,NaN,NaN,NaN,NaN,NaN
NorthSea,EPS,0.03,sphere,1.00E-05,1.00E-05,0.147881966,1.576125708,NaN,NaN,NaN,NaN,NaN,NaN
NorthSea,EPS,0.03,sphere,1.00E-06,1.00E-06,0.03913138,1.125981887,NaN,NaN,NaN,NaN,NaN,NaN
NorthSea,EPS,0.03,fiber,0.005,0.001,0.028091427,1.159907718,NaN,0.043243243,NaN,69.11762181,NaN,NaN
NorthSea,EPS,0.03,fiber,0.001,0.0001,0.047257743,3.25234143,NaN,NaN,NaN,NaN,NaN,NaN
NorthSea,EPS,0.03,fiber,0.0001,1.00E-05,0.204016808,3.431692095,NaN,NaN,NaN,NaN,NaN,NaN
NorthSea,EPS,0.03,fiber,5.00E-05,1.00E-06,0.05062556,1.179039776,NaN,NaN,NaN,NaN,NaN,NaN
NorthSea,EPS,0.03,fiber,5.00E-05,1.00E-06,0.046426018,1.156762635,NaN,NaN,NaN,NaN,NaN,NaN
NorthSea,HDPE,0.953,sphere,0.005,0.005,0.023239799,1.555842169,NaN,NaN,NaN,NaN,NaN,NaN
NorthSea,HDPE,0.953,sphere,0.001,0.001,0.069625032,4.960692102,NaN,NaN,NaN,NaN,NaN,NaN
NorthSea,HDPE,0.953,sphere,0.0001,0.0001,0.42955499,13.83853673,NaN,NaN,NaN,NaN,NaN,NaN
NorthSea,HDPE,0.953,sphere,1.00E-05,1.00E-05,0.165589572,1.566511403,NaN,NaN,NaN,NaN,NaN,NaN
NorthSea,HDPE,0.953,sphere,1.00E-06,1.00E-06,0.041872762,1.22609698,NaN,NaN,NaN,NaN,NaN,NaN
NorthSea,HDPE,0.953,fiber,0.005,0.001,0.052237854,2.849009165,NaN,NaN,NaN,NaN,NaN,NaN
NorthSea,HDPE,0.953,fiber,0.001,0.0001,0.329022444,21.49147541,NaN,NaN,NaN,NaN,NaN,NaN
NorthSea,HDPE,0.953,fiber,0.0001,1.00E-05,0.523798162,4.069994956,NaN,NaN,NaN,NaN,NaN,NaN
NorthSea,HDPE,0.953,fiber,5.00E-05,1.00E-06,0.047533662,1.175492754,NaN,NaN,NaN,NaN,NaN,NaN
NorthSea,HDPE,0.953,fiber,5.00E-05,1.00E-06,0.0472683,1.15893816,NaN,NaN,NaN,NaN,NaN,NaN
NorthSea,LDPE,0.915,sphere,0.005,0.005,0.028303212,1.164199465,NaN,NaN,NaN,NaN,NaN,NaN
NorthSea,LDPE,0.915,sphere,0.001,0.001,0.04805958,3.15825884,NaN,NaN,NaN,NaN,NaN,NaN
NorthSea,LDPE,0.915,sphere,0.0001,0.0001,0.324956625,13.36931825,NaN,NaN,NaN,NaN,NaN,NaN
NorthSea,LDPE,0.915,sphere,1.00E-05,1.00E-05,0.189157548,1.604954613,NaN,NaN,NaN,NaN,NaN,NaN
NorthSea,LDPE,0.915,sphere,1.00E-06,1.00E-06,0.043851605,1.143662362,NaN,NaN,NaN,NaN,NaN,NaN
NorthSea,LDPE,0.915,fiber,0.005,0.001,0.033945479,2.186559413,NaN,NaN,NaN,NaN,NaN,NaN
NorthSea,LDPE,0.915,fiber,0.001,0.0001,0.225709977,17.42396548,NaN,NaN,NaN,NaN,NaN,NaN
NorthSea,LDPE,0.915,fiber,0.0001,1.00E-05,0.44380477,3.978836355,NaN,NaN,NaN,NaN,NaN,NaN
NorthSea,LDPE,0.915,fiber,5.00E-05,1.00E-06,0.049834367,1.311272082,NaN,NaN,NaN,NaN,NaN,NaN
NorthSea,LDPE,0.915,fiber,5.00E-05,1.00E-06,0.044027639,1.165605314,NaN,NaN,NaN,NaN,NaN,NaN
NorthSea,PET,1.35,sphere,0.005,0.005,7206835.876,19945.35457,NaN,NaN,NaN,NaN,NaN,NaN
NorthSea,PET,1.35,sphere,0.001,0.001,463824.6806,5059.952618,NaN,NaN,NaN,NaN,NaN,NaN
NorthSea,PET,1.35,sphere,0.0001,0.0001,354.1038516,137.9157515,NaN,NaN,NaN,NaN,NaN,NaN
NorthSea,PET,1.35,sphere,1.00E-05,1.00E-05,0.180155493,1.611487381,NaN,NaN,NaN,NaN,NaN,NaN
NorthSea,PET,1.35,sphere,1.00E-06,1.00E-06,0.040314976,1.174028353,NaN,NaN,NaN,NaN,NaN,NaN
NorthSea,PET,1.35,fiber,0.005,0.001,378989.7944,4573.864382,NaN,NaN,NaN,NaN,NaN,NaN
NorthSea,PET,1.35,fiber,0.001,0.0001,3013.400397,406.1142094,NaN,NaN,NaN,NaN,NaN,NaN
NorthSea,PET,1.35,fiber,0.0001,1.00E-05,1.729825456,5.153899212,NaN,NaN,NaN,NaN,NaN,NaN
NorthSea,PET,1.35,fiber,5.00E-05,1.00E-06,0.048746494,1.145684562,NaN,NaN,NaN,NaN,NaN,NaN
NorthSea,PET,1.35,fiber,5.00E-05,1.00E-06,0.038391453,1.173611444,NaN,NaN,NaN,NaN,NaN,NaN
NorthSea,PP,0.88,sphere,0.005,0.005,0.028250467,1.15006856,NaN,NaN,NaN,NaN,NaN,NaN
NorthSea,PP,0.88,sphere,0.001,0.001,0.040835865,2.749507978,NaN,NaN,NaN,NaN,NaN,NaN
NorthSea,PP,0.88,sphere,0.0001,0.0001,0.249614993,12.2845192,NaN,NaN,NaN,NaN,NaN,NaN
NorthSea,PP,0.88,sphere,1.00E-05,1.00E-05,0.159815172,1.622881113,NaN,NaN,NaN,NaN,NaN,NaN
NorthSea,PP,0.88,sphere,1.00E-06,1.00E-06,0.045796865,1.196095561,NaN,NaN,NaN,NaN,NaN,NaN
NorthSea,PP,0.88,fiber,0.005,0.001,0.027716591,1.965134366,NaN,NaN,NaN,NaN,NaN,NaN
NorthSea,PP,0.88,fiber,0.001,0.0001,0.181883212,16.6764153,NaN,NaN,NaN,NaN,NaN,NaN
NorthSea,PP,0.88,fiber,0.0001,1.00E-05,0.434444205,3.990373463,NaN,NaN,NaN,NaN,NaN,NaN
NorthSea,PP,0.88,fiber,5.00E-05,1.00E-06,0.047546767,1.28874743,NaN,NaN,NaN,NaN,NaN,NaN
NorthSea,PP,0.88,fiber,5.00E-05,1.00E-06,0.046384325,1.174650511,NaN,NaN,NaN,NaN,NaN,NaN
NorthSea,PS,1.06,sphere,0.005,0.005,571644.4624,5617.363585,NaN,NaN,NaN,NaN,NaN,NaN
NorthSea,PS,1.06,sphere,0.001,0.001,17648.56369,987.0160538,NaN,NaN,NaN,NaN,NaN,NaN
NorthSea,PS,1.06,sphere,0.0001,0.0001,7.810956371,24.51406066,NaN,NaN,NaN,NaN,NaN,NaN
NorthSea,PS,1.06,sphere,1.00E-05,1.00E-05,0.159032228,1.663227238,NaN,NaN,NaN,NaN,NaN,NaN
NorthSea,PS,1.06,sphere,1.00E-06,1.00E-06,0.044807402,1.170208485,NaN,NaN,NaN,NaN,NaN,NaN
NorthSea,PS,1.06,fiber,0.005,0.001,23995.57698,1150.893499,NaN,NaN,NaN,NaN,NaN,NaN
NorthSea,PS,1.06,fiber,0.001,0.0001,75.03719896,69.77551187,NaN,NaN,NaN,NaN,NaN,NaN
NorthSea,PS,1.06,fiber,0.0001,1.00E-05,0.632756554,4.299672914,NaN,NaN,NaN,NaN,NaN,NaN
NorthSea,PS,1.06,fiber,5.00E-05,1.00E-06,0.04204221,1.161676789,NaN,NaN,NaN,NaN,NaN,NaN
NorthSea,PS,1.06,fiber,5.00E-05,1.00E-06,0.04650127,1.111922493,NaN,NaN,NaN,NaN,NaN,NaN
GG_Ext,EPS,0.03,sphere,0.005,0.005,0.071692695,4.940925928,0.066052879,0.036474164,0.028992356,28.89522873,NaN,NaN
GG_Ext,EPS,0.03,sphere,0.001,0.001,0.064632628,4.618433376,0.04494382,0.61494396,0.158439818,253.4912278,NaN,NaN
GG_Ext,EPS,0.03,sphere,0.0001,0.0001,0.074699211,8.817590395,0.079734219,NaN,9.752380538,27.4672034,NaN,NaN
GG_Ext,EPS,0.03,sphere,1.00E-05,1.00E-05,0.10505197,4.405507425,0.066666667,0.040955631,0.989426962,0.98323817,NaN,NaN
GG_Ext,EPS,0.03,sphere,1.00E-06,1.00E-06,0.06786417,4.184855418,0.019354839,0.033850494,0.098053105,1.019294817,NaN,NaN
GG_Ext,EPS,0.03,fiber,0.005,0.001,0.072499325,4.929867421,0.044609665,0.143712575,0.13278332,53.97439764,NaN,NaN
GG_Ext,EPS,0.03,fiber,0.001,0.0001,0.058677493,6.496650403,0.052516411,1.815789474,4.04841636,63.22019848,NaN,NaN
GG_Ext,EPS,0.03,fiber,0.0001,1.00E-05,0.166719027,4.897487184,NaN,0.060150376,NaN,6.271372349,NaN,NaN
GG_Ext,EPS,0.03,fiber,5.00E-05,1.00E-06,0.079834632,4.368400347,0.048371398,0.233465018,0.591693481,0.477809905,NaN,NaN
GG_Ext,HDPE,0.953,sphere,0.005,0.005,0.079747756,5.523561412,0.04743083,0.844444444,0.353556767,461.2382812,NaN,NaN
GG_Ext,HDPE,0.953,sphere,0.001,0.001,0.089300394,10.40769883,0.077328574,6.749999997,6.506610681,140.8754757,NaN,NaN
GG_Ext,HDPE,0.953,sphere,0.0001,0.0001,0.427087003,15.78927609,NaN,NaN,NaN,NaN,NaN,NaN
GG_Ext,HDPE,0.953,sphere,1.00E-05,1.00E-05,0.116936842,4.572501188,0.048582996,0.041958042,0.678422394,1.063733039,NaN,NaN
GG_Ext,HDPE,0.953,sphere,1.00E-06,1.00E-06,0.080337944,4.166259829,NaN,0.139534884,NaN,1.0962868,NaN,NaN
GG_Ext,HDPE,0.953,fiber,0.005,0.001,0.072324581,7.676901874,0.055395821,0.266666667,3.054773146,215.0662619,NaN,NaN
GG_Ext,HDPE,0.953,fiber,0.001,0.0001,0.400264604,24.27838267,NaN,NaN,NaN,NaN,NaN,NaN
GG_Ext,HDPE,0.953,fiber,0.0001,1.00E-05,0.288497872,5.638026864,NaN,0.061381074,NaN,4.294593206,NaN,NaN
GG_Ext,HDPE,0.953,fiber,5.00E-05,1.00E-06,0.079901648,4.364872314,NaN,0.413793103,NaN,0.205685832,NaN,NaN
GG_Ext,LDPE,0.915,sphere,0.005,0.005,0.065993735,5.138770107,0.040676222,0.043399638,0.200883344,331.3209542,NaN,NaN
GG_Ext,LDPE,0.915,sphere,0.001,0.001,0.066749779,7.647812291,0.052980132,0.196721311,3.93868353,206.7391854,NaN,NaN
GG_Ext,LDPE,0.915,sphere,0.0001,0.0001,0.298170077,15.09743053,NaN,NaN,NaN,NaN,NaN,NaN
GG_Ext,LDPE,0.915,sphere,1.00E-05,1.00E-05,0.122901293,5.174654514,0.051508076,0.149122807,2.416249696,0.902206679,NaN,NaN
GG_Ext,LDPE,0.915,sphere,1.00E-06,1.00E-06,0.068621307,4.514197064,0.050847458,0.021071115,0.723586481,0.2695149,NaN,NaN
GG_Ext,LDPE,0.915,fiber,0.005,0.001,0.071012585,5.363452293,0.048780488,NaN,1.131199359,332.4648143,NaN,NaN
GG_Ext,LDPE,0.915,fiber,0.001,0.0001,0.253012305,22.87949175,NaN,NaN,NaN,NaN,NaN,NaN
GG_Ext,LDPE,0.915,fiber,5.00E-05,1.00E-06,0.072855499,4.695573609,0.031056384,0.047619048,0.498996434,0.372015909,NaN,NaN
GG_Ext,PET,1.35,sphere,0.005,0.005,2907529.427,20117.85363,NaN,NaN,NaN,NaN,NaN,NaN
GG_Ext,PET,1.35,sphere,0.001,0.001,188069.1504,5116.563737,NaN,NaN,NaN,NaN,NaN,NaN
GG_Ext,PET,1.35,sphere,0.0001,0.0001,149.9186558,140.5339858,NaN,NaN,NaN,NaN,NaN,NaN
GG_Ext,PET,1.35,sphere,1.00E-05,1.00E-05,0.134740252,4.589677356,0.068134594,0.066843685,2.050471415,0.905497333,NaN,NaN
GG_Ext,PET,1.35,sphere,1.00E-06,1.00E-06,0.067051984,3.875485384,NaN,0.034837481,NaN,0.804778754,NaN,NaN
GG_Ext,PET,1.35,fiber,0.005,0.001,153188.0212,4617.766969,NaN,NaN,NaN,NaN,NaN,NaN
GG_Ext,PET,1.35,fiber,0.001,0.0001,1216.952597,411.7532649,NaN,NaN,NaN,NaN,NaN,NaN
GG_Ext,PET,1.35,fiber,0.0001,1.00E-05,0.64469414,6.595918658,NaN,NaN,NaN,NaN,NaN,NaN
GG_Ext,PP,0.88,sphere,0.005,0.005,0.074965287,4.343023192,0.043715847,0.024144869,0.149067811,317.7061325,NaN,NaN
GG_Ext,PP,0.88,sphere,0.001,0.001,0.062177334,5.82218026,0.051835853,0.857142857,1.595121228,299.9551471,NaN,NaN
GG_Ext,PP,0.88,sphere,1.00E-05,1.00E-05,0.132570345,4.566332444,0.05856147,0.118811881,1.042368625,0.897290057,NaN,NaN
GG_Ext,PP,0.88,sphere,1.00E-06,1.00E-06,0.074358735,4.530007681,NaN,0.024873137,NaN,0.257352009,NaN,NaN
GG_Ext,PP,0.88,fiber,0.001,0.0001,0.204972552,19.89098759,NaN,NaN,NaN,NaN,NaN,NaN
GG_Ext,PP,0.88,fiber,0.0001,1.00E-05,0.273120352,5.830104529,NaN,0.065934066,NaN,5.670270483,NaN,NaN
GG_Ext,PS,1.06,sphere,0.005,0.005,259038.8267,6004.848473,NaN,NaN,NaN,NaN,NaN,NaN
GG_Ext,PS,1.06,fiber,5.00E-05,1.00E-06,0.081221694,4.805127293,0.038793463,NaN,0.103695795,0.472951927,NaN,NaN
BayBengal,EPS,0.03,Film,0.005,5.00E-03,0.018685911,0.490301834,0.079626216,0.022236118,0.07925047,0.264347239,NaN,NaN
BayBengal,EPS,0.03,Film,0.001,1.00E-03,0.026476879,0.717593475,0.022716644,0.072480592,0.144329398,157.1668181,NaN,NaN
BayBengal,EPS,0.03,Film,0.0001,1.00E-04,0.066176414,14.7687173,NaN,0.127526132,NaN,33.75419916,NaN,NaN
BayBengal,EPS,0.03,Film,1.00E-05,1.00E-05,0.096744169,1.218404168,0.127659574,0.031069059,1.154039552,0.787929278,NaN,NaN
BayBengal,EPS,0.03,Film,1.00E-06,1.00E-06,0.027998619,0.772172332,0.019694802,0.050632911,0.191581015,0.667890663,NaN,NaN
BayBengal,HDPE,0.953,Film,0.005,0.005,0.036318223,1.483172961,0.026343806,0.046260773,0.282103865,253.691542,NaN,NaN
BayBengal,HDPE,0.953,Film,0.001,0.001,0.075602839,30.46297722,NaN,NaN,NaN,NaN,NaN,NaN
BayBengal,HDPE,0.953,Film,0.0001,0.0001,0.410386906,19.90294168,NaN,NaN,NaN,NaN,NaN,NaN
BayBengal,HDPE,0.953,Film,1.00E-05,1.00E-05,0.185859349,1.275388865,0.119701493,0.043638672,1.211092311,0.793830833,NaN,NaN
BayBengal,HDPE,0.953,Film,1.00E-06,1.00E-06,0.028159004,0.758670011,0.030771095,0.043956044,0.078848046,0.512930934,NaN,NaN
BayBengal,LDPE,0.915,Film,0.005,0.005,0.031053328,0.724218707,0.020887792,0.053078597,0.193733099,269.0868189,NaN,NaN
BayBengal,LDPE,0.915,Film,0.001,0.001,0.049386668,16.53683527,NaN,0.062036253,NaN,107.2668311,NaN,NaN
BayBengal,LDPE,0.915,Film,0.0001,0.0001,0.294310735,19.03768176,NaN,NaN,NaN,NaN,NaN,NaN
BayBengal,LDPE,0.915,Film,1.00E-05,1.00E-05,0.154562999,1.154246322,0.12371134,0.04039435,0.620590354,0.742803789,NaN,NaN
BayBengal,LDPE,0.915,Film,1.00E-06,1.00E-06,0.031137035,0.815331838,0.025373914,0.06549544,0.075325245,0.494471098,NaN,NaN
BayBengal,PET,1.35,Film,0.005,0.005,5034687.989,20119.36423,NaN,NaN,NaN,NaN,NaN,NaN
BayBengal,PET,1.35,Film,0.001,0.001,325712.6495,5117.352487,NaN,NaN,NaN,NaN,NaN,NaN
BayBengal,PET,1.35,Film,0.0001,0.0001,249.0694823,138.9212028,NaN,NaN,NaN,NaN,NaN,NaN
BayBengal,PET,1.35,Film,1.00E-05,1.00E-05,0.235096292,1.371846721,0.117647059,0.025978674,1.091805691,0.896320028,NaN,NaN
BayBengal,PET,1.35,Film,1.00E-06,1.00E-06,0.043169597,0.884580814,0.016449623,0.02357573,0.062935119,0.358275529,NaN,NaN
BayBengal,PP,0.88,Film,0.005,0.005,0.039588308,1.019623535,0.020979021,0.054433498,0.115469299,140.537577,NaN,NaN
BayBengal,PP,0.88,Film,0.001,0.001,0.03776213,12.9901061,NaN,0.101265823,NaN,57.85208993,NaN,NaN
BayBengal,PP,0.88,Film,0.0001,0.0001,0.248849207,18.78542843,NaN,NaN,NaN,NaN,NaN,NaN
BayBengal,PP,0.88,Film,1.00E-05,1.00E-05,0.144190057,1.142708711,0.113744076,0.043087971,2.327558402,0.773765304,NaN,NaN
BayBengal,PP,0.88,Film,1.00E-06,1.00E-06,0.02883893,0.719185841,0.015686275,0.0234375,0.080037674,0.440544488,NaN,NaN
BayBengal,PS,1.06,Film,0.005,0.005,448575.0174,6005.449825,NaN,NaN,NaN,NaN,NaN,NaN
BayBengal,PS,1.06,Film,0.001,0.001,14456.8897,1078.366164,NaN,NaN,NaN,NaN,NaN,NaN
BayBengal,PS,1.06,Film,0.0001,0.0001,3.824812539,25.02561224,NaN,NaN,NaN,NaN,NaN,NaN
BayBengal,PS,1.06,Film,1.00E-05,1.00E-05,0.166098581,1.203276967,0.105029838,0.033755274,0.83166019,0.796953381,NaN,NaN
BayBengal,PS,1.06,Film,1.00E-06,1.00E-06,0.0285265,0.821601515,0.017241379,0.032862483,0.097930044,0.562690339,NaN,NaN
KaraSea,EPS,0.03,Film,0.005,0.005,0.025034679,1.008732569,NaN,NaN,NaN,NaN,NaN,NaN
KaraSea,EPS,0.03,Film,0.001,0.001,0.019273767,1.165717044,NaN,NaN,NaN,NaN,NaN,NaN
KaraSea,EPS,0.03,Film,0.0001,0.0001,0.086014455,3.440407718,NaN,NaN,NaN,NaN,NaN,NaN
KaraSea,EPS,0.03,Film,1.00E-05,1.00E-05,0.178421941,1.482750644,NaN,NaN,NaN,NaN,NaN,NaN
KaraSea,EPS,0.03,Film,1.00E-06,1.00E-06,0.027623325,0.999274588,NaN,NaN,NaN,NaN,NaN,NaN
KaraSea,HDPE,0.953,Film,0.005,0.005,0.02091127,1.414840334,NaN,NaN,NaN,NaN,NaN,NaN
KaraSea,HDPE,0.953,Film,0.001,0.001,0.071944594,3.479032923,NaN,NaN,NaN,NaN,NaN,NaN
KaraSea,HDPE,0.953,Film,0.0001,0.0001,0.524389718,12.39289985,NaN,NaN,NaN,NaN,NaN,NaN
KaraSea,HDPE,0.953,Film,1.00E-05,1.00E-05,0.265656874,1.534252385,NaN,NaN,NaN,NaN,NaN,NaN
KaraSea,HDPE,0.953,Film,1.00E-06,1.00E-06,0.026580511,1.003056806,NaN,NaN,NaN,NaN,NaN,NaN
KaraSea,LDPE,0.915,Film,0.005,0.005,0.023137543,1.251927704,NaN,NaN,NaN,NaN,NaN,NaN
KaraSea,LDPE,0.915,Film,0.001,0.001,0.053924486,2.251774905,NaN,NaN,NaN,NaN,NaN,NaN
KaraSea,LDPE,0.915,Film,0.0001,0.0001,0.354399068,10.51571079,NaN,NaN,NaN,NaN,NaN,NaN
KaraSea,LDPE,0.915,Film,1.00E-05,1.00E-05,0.244812367,1.543102153,NaN,NaN,NaN,NaN,NaN,NaN
KaraSea,LDPE,0.915,Film,1.00E-06,1.00E-06,0.027743154,0.954108878,NaN,NaN,NaN,NaN,NaN,NaN
KaraSea,PET,1.35,Film,0.005,0.005,15332198.4,20118.88185,NaN,NaN,NaN,NaN,NaN,NaN
KaraSea,PET,1.35,Film,0.001,0.001,991841.914,5117.09111,NaN,NaN,NaN,NaN,NaN,NaN
KaraSea,PET,1.35,Film,0.0001,0.0001,755.1289215,139.9984438,NaN,NaN,NaN,NaN,NaN,NaN
KaraSea,PET,1.35,Film,1.00E-05,1.00E-05,0.24613266,1.552233241,NaN,NaN,NaN,NaN,NaN,NaN
KaraSea,PET,1.35,Film,1.00E-06,1.00E-06,0.02940608,0.990933704,NaN,NaN,NaN,NaN,NaN,NaN
KaraSea,PP,0.88,Film,0.005,0.005,0.018981172,1.081825788,NaN,NaN,NaN,NaN,NaN,NaN
KaraSea,PP,0.88,Film,0.001,0.001,0.040212311,1.9131786,NaN,NaN,NaN,NaN,NaN,NaN
KaraSea,PP,0.88,Film,0.0001,0.0001,0.2868794,9.660921666,NaN,NaN,NaN,NaN,NaN,NaN
KaraSea,PP,0.88,Film,1.00E-05,1.00E-05,0.197668958,1.506306698,NaN,NaN,NaN,NaN,NaN,NaN
KaraSea,PP,0.88,Film,1.00E-06,1.00E-06,0.027463779,1.098917047,NaN,NaN,NaN,NaN,NaN,NaN
KaraSea,PS,1.06,Film,0.005,0.005,1366001.847,6005.201019,NaN,NaN,NaN,NaN,NaN,NaN
KaraSea,PS,1.06,Film,0.001,0.001,43927.51737,1076.887386,NaN,NaN,NaN,NaN,NaN,NaN
KaraSea,PS,1.06,Film,0.0001,0.0001,21.60878307,24.47378704,NaN,NaN,NaN,NaN,NaN,NaN
KaraSea,PS,1.06,Film,1.00E-05,1.00E-05,0.226300605,1.533910531,NaN,NaN,NaN,NaN,NaN,NaN
KaraSea,PS,1.06,Film,1.00E-06,1.00E-06,0.03167043,0.914249813,NaN,NaN,NaN,NaN,NaN,NaN
Greece,EPS,0.03,Film,0.005,0.005,0.003167491,0.17921939,Inf,NaN,0.131488798,0.320173603,NaN,NaN
Greece,EPS,0.03,Film,0.001,0.001,0.025834819,2.563140778,Inf,NaN,0.22444881,291.1976083,NaN,NaN
Greece,EPS,0.03,Film,0.0001,0.0001,NaN,NaN,Inf,NaN,1.914517674,47.28019249,NaN,NaN
Greece,EPS,0.03,Film,1.00E-05,1.00E-05,0.032062347,0.86520622,Inf,NaN,1.88800289,43.01023061,NaN,NaN
Greece,EPS,0.03,Film,1.00E-06,1.00E-06,0.002576505,0.229504654,Inf,NaN,1.400316786,1.149650786,NaN,NaN
Greece,HDPE,0.953,Film,0.005,0.005,0.04973399,266.946039,Inf,NaN,0.337158127,606.8095073,NaN,NaN
Greece,HDPE,0.953,Film,0.001,0.001,NaN,NaN,Inf,NaN,1.638464847,260.4987054,NaN,NaN
Greece,HDPE,0.953,Film,0.0001,0.0001,NaN,NaN,Inf,NaN,7.896258545,60.05764183,NaN,NaN
Greece,HDPE,0.953,Film,1.00E-05,1.00E-05,0.151866409,1.050682672,Inf,NaN,7.404715148,55.22336022,NaN,NaN
Greece,HDPE,0.953,Film,1.00E-06,1.00E-06,0.004103609,0.540648019,Inf,NaN,7.419840445,41.31303054,NaN,NaN
Greece,LDPE,0.915,Film,0.005,0.005,0.025024699,158.5565619,Inf,NaN,0.233132665,628.0449938,NaN,0.239628746
Greece,LDPE,0.915,Film,0.001,0.001,NaN,NaN,Inf,NaN,1.143237259,222.9612641,NaN,0.239628746
Greece,LDPE,0.915,Film,0.0001,0.0001,NaN,NaN,Inf,NaN,6.475124068,60.67336015,NaN,NaN
Greece,LDPE,0.915,Film,1.00E-05,1.00E-05,0.047995651,0.90034736,Inf,NaN,6.209268523,59.57100751,NaN,NaN
Greece,LDPE,0.915,Film,1.00E-06,1.00E-06,0.012556178,0.214656653,Inf,NaN,6.28634419,54.30632227,NaN,NaN
Greece,PET,1.35,Film,0.005,0.005,NaN,NaN,Inf,NaN,701.4058136,19817.68556,NaN,NaN
Greece,PET,1.35,Film,0.001,0.001,NaN,NaN,Inf,NaN,700.195982,5017.569689,NaN,NaN
Greece,PET,1.35,Film,0.0001,0.0001,NaN,NaN,Inf,NaN,137.4964625,123.0661599,NaN,NaN
Greece,PET,1.35,Film,1.00E-05,1.00E-05,0.039765515,1.078195531,Inf,NaN,1.904970177,1.146665833,NaN,NaN
Greece,PET,1.35,Film,1.00E-06,1.00E-06,0.003808589,0.571991078,Inf,NaN,1.740113781,1.128723814,NaN,NaN
Greece,PP,0.88,Film,0.005,0.005,0.012965791,1.998376111,Inf,NaN,0.184541884,591.3149219,NaN,NaN
Greece,PP,0.88,Film,0.001,0.001,0.063976207,5.493604765,Inf,NaN,0.908451564,227.2843809,NaN,NaN
Greece,PP,0.88,Film,0.0001,0.0001,NaN,NaN,Inf,NaN,5.633320176,60.02073166,NaN,NaN
Greece,PP,0.88,Film,1.00E-05,1.00E-05,0.029621016,1.049744362,Inf,NaN,5.328849563,56.68295365,NaN,NaN
Greece,PP,0.88,Film,1.00E-06,1.00E-06,0.002431705,0.313420333,Inf,NaN,1.703880212,1.142089408,NaN,NaN
Greece,PS,1.06,Film,0.005,0.005,NaN,NaN,Inf,NaN,700.2863339,5320.129787,NaN,NaN
Greece,PS,1.06,Film,0.001,0.001,NaN,NaN,Inf,NaN,693.0420612,941.8159769,NaN,NaN
Greece,PS,1.06,Film,0.0001,0.0001,NaN,NaN,Inf,NaN,23.0768456,58.26332609,NaN,NaN
Greece,PS,1.06,Film,1.00E-05,1.00E-05,0.062773749,1.015247879,Inf,NaN,21.72166364,56.43335015,NaN,NaN
Greece,PS,1.06,Film,1.00E-06,1.00E-06,0.003058096,0.266062527,Inf,NaN,1.37123728,1.428615144,NaN,NaN
Nile,EPS,0.03,Film,0.005,0.005,0.059031886,3.552457255,NaN,NaN,NaN,NaN,0.862406027,NaN
Nile,EPS,0.03,Film,0.001,0.001,0.04954599,3.715299363,0.026344676,0.067710424,0.317717523,251.2602287,0.811563472,NaN
Nile,EPS,0.03,Film,0.0001,0.0001,0.062823592,10.13211807,NaN,NaN,NaN,NaN,0.754339032,NaN
Nile,EPS,0.03,Film,1.00E-05,1.00E-05,0.056431052,3.946190694,0.045977011,0.16,0.405387727,0.623324568,1.16601054,NaN
Nile,EPS,0.03,Film,1.00E-06,1.00E-06,0.047251933,4.915198145,0.019496344,NaN,2.3337509,0.247770029,0.684679913,NaN
Nile,HDPE,0.953,Film,0.005,0.005,0.056278221,3.41858893,0.033946252,0.086446886,0.527271992,505.941157,0.775587554,NaN
Nile,HDPE,0.953,Film,0.001,0.001,0.081454155,30.6922734,0.06779661,4.799999999,10.14691455,154.7707357,0.778522606,NaN
Nile,HDPE,0.953,Film,0.0001,0.0001,0.324781262,18.75125552,NaN,NaN,NaN,NaN,3.132185212,NaN
Nile,HDPE,0.953,Film,1.00E-05,1.00E-05,0.058259721,3.269801167,NaN,0.077922078,NaN,0.9649582,0.905185088,NaN
Nile,HDPE,0.953,Film,1.00E-06,1.00E-06,0.041484282,4.605188579,0.016529506,NaN,0.376703057,0.027772707,0.719684311,0.166504455
Nile,LDPE,0.915,Film,0.005,0.005,0.06042693,3.861131788,0.030078311,NaN,0.330397238,438.5401073,0.734387431,NaN
Nile,LDPE,0.915,Film,0.001,0.001,0.066970434,8.420370315,0.043956044,8,12.12667767,173.3246248,0.750873295,NaN
Nile,LDPE,0.915,Film,0.0001,0.0001,0.257623385,16.99287533,NaN,NaN,NaN,NaN,2.396929205,NaN
Nile,LDPE,0.915,Film,1.00E-05,1.00E-05,0.062625619,3.622554318,0.035597128,0.129000781,0.874769827,0.659270751,1.233461029,NaN
Nile,LDPE,0.915,Film,1.00E-06,1.00E-06,0.052839821,3.277388246,0.027809965,NaN,0.255334499,0.934136598,0.774345821,NaN
Nile,PET,1.35,Film,0.005,0.005,20149.11412,1189052.655,NaN,NaN,NaN,NaN,NaN,NaN
Nile,PET,1.35,Film,0.001,0.001,5099.908213,301149.4377,NaN,NaN,NaN,NaN,NaN,NaN
Nile,PET,1.35,Film,0.0001,0.0001,74.60600373,136.2271692,NaN,NaN,NaN,NaN,NaN,NaN
Nile,PET,1.35,Film,1.00E-05,1.00E-05,0.079722525,3.027733597,NaN,0.095009685,NaN,0.905999245,2.183770155,NaN
Nile,PET,1.35,Film,1.00E-06,1.00E-06,0.061091457,4.524198206,0.029486188,NaN,0.342243859,1.521287441,0.847123717,NaN
Nile,PP,0.88,Film,0.005,0.005,0.040486327,5.542713348,0.023449388,0.15,0.256450356,550.201146,0.775435845,NaN
Nile,PP,0.88,Film,0.001,0.001,0.062708786,4.742664915,0.033640718,0.67281106,15.07376351,154.7968035,0.72123897,NaN
Nile,PP,0.88,Film,0.0001,0.0001,0.223389255,16.09419111,NaN,NaN,NaN,NaN,2.048458063,NaN
Nile,PP,0.88,Film,1.00E-05,1.00E-05,0.064628228,3.588683105,0.039800995,0.19047619,0.834195206,0.636517013,1.233815519,NaN
Nile,PP,0.88,Film,1.00E-06,1.00E-06,0.041073634,4.533144623,0.036139059,0.013722127,0.600751197,0.235312791,0.682753732,NaN
Nile,PS,1.06,Film,0.005,0.005,5401.604109,318949.511,NaN,NaN,NaN,NaN,NaN,NaN
Nile,PS,1.06,Film,0.001,0.001,930.0487133,54970.04927,NaN,NaN,NaN,NaN,NaN,NaN
Nile,PS,1.06,Film,0.0001,0.0001,1.511378799,21.49719591,NaN,NaN,NaN,NaN,NaN,NaN
Nile,PS,1.06,Film,1.00E-05,1.00E-05,0.064465663,3.483867228,0.04017438,0.144578313,0.783944738,0.721780858,1.21876901,NaN
Nile,PS,1.06,Film,1.00E-06,1.00E-06,0.037536565,4.900709557,0.023399341,NaN,0.168652356,0.803182055,0.839670509,0.359191857
NorthAmerica,EPS,0.03,Film,0.005,0.005,0.016655832,0.435597453,0.008852822,0.022727273,0.021338666,3.325378701,NaN,NaN
NorthAmerica,EPS,0.03,Film,0.001,0.001,0.01351347,1.358550997,0.023191273,0.022121325,0.110199241,105.7010779,NaN,NaN
NorthAmerica,EPS,0.03,Film,0.0001,0.0001,0.072209583,13.90822806,0.219182652,0.393442623,0.770799141,31.23310495,NaN,NaN
NorthAmerica,EPS,0.03,Film,1.00E-05,1.00E-05,0.137643072,1.076551247,0.219219219,0.016415869,1.017058158,0.933172004,NaN,NaN
NorthAmerica,EPS,0.03,Film,1.00E-06,1.00E-06,0.041092931,0.727128418,0.225396825,0.156356082,1.017058158,0.980850311,NaN,NaN
NorthAmerica,HDPE,0.953,Film,0.005,0.005,0.018904838,2.53080092,0.115593419,0.151631046,0.216285483,24.02418717,NaN,NaN
NorthAmerica,HDPE,0.953,Film,0.001,0.001,0.067717004,19.63169866,0.216216216,6.000000001,0.607267806,137.6799066,NaN,NaN
NorthAmerica,HDPE,0.953,Film,0.0001,0.0001,0.463248854,25.81172955,NaN,0.299071207,NaN,48.69624673,NaN,NaN
NorthAmerica,HDPE,0.953,Film,1.00E-05,1.00E-05,0.149898139,1.066945731,0.22329929,0.289156627,1.349760924,0.885596661,NaN,NaN
NorthAmerica,HDPE,0.953,Film,1.00E-06,1.00E-06,0.047545926,0.616043294,0.226415094,NaN,2.137161427,0.875819942,NaN,NaN
NorthAmerica,LDPE,0.915,Film,0.005,0.005,0.01599254,1.662406865,0.027355978,0.052081686,0.16031976,41.63812291,NaN,NaN
NorthAmerica,LDPE,0.915,Film,0.001,0.001,0.047277882,15.96250005,0.216216216,1.164835165,0.366012679,129.1626805,NaN,NaN
NorthAmerica,LDPE,0.915,Film,0.0001,0.0001,0.354562626,24.69819615,NaN,0.363636364,NaN,45.42214094,NaN,NaN
NorthAmerica,LDPE,0.915,Film,1.00E-05,1.00E-05,0.188891929,1.082622468,0.222222222,0.363636364,0.309415316,0.949191495,NaN,NaN
NorthAmerica,LDPE,0.915,Film,1.00E-06,1.00E-06,0.039025674,0.601982989,0.222222222,0.363636364,0.309415316,1.013737596,NaN,NaN
NorthAmerica,PET,1.35,Film,0.005,0.005,7084421.808,19989.02895,NaN,NaN,NaN,NaN,NaN,NaN
NorthAmerica,PET,1.35,Film,0.001,0.001,456673.3077,5075.073452,NaN,NaN,NaN,NaN,NaN,NaN
NorthAmerica,PET,1.35,Film,0.0001,0.0001,350.5481753,135.690195,NaN,NaN,NaN,NaN,NaN,NaN
NorthAmerica,PET,1.35,Film,1.00E-05,1.00E-05,0.199875384,1.107231295,0.224299065,0.020716911,1.804716881,0.919345335,NaN,NaN
NorthAmerica,PET,1.35,Film,1.00E-06,1.00E-06,0.039788696,0.653540064,NaN,0.615384615,NaN,0.833299579,NaN,NaN
NorthAmerica,PP,0.88,Film,0.005,0.005,0.013197369,1.368966052,0.022304833,0.019169329,0.086185922,37.58162703,NaN,NaN
NorthAmerica,PP,0.88,Film,0.001,0.001,0.037721744,9.042060946,0.216216216,0.303797468,0.299561465,59.21850113,NaN,NaN
NorthAmerica,PP,0.88,Film,0.0001,0.0001,0.284105582,23.60826716,NaN,0.533596838,NaN,42.68667739,NaN,NaN
NorthAmerica,PP,0.88,Film,1.00E-05,1.00E-05,0.167575753,1.086111346,0.224299065,0.206896552,0.920956729,1.004336504,NaN,NaN
NorthAmerica,PP,0.88,Film,1.00E-06,1.00E-06,0.028991269,0.497500331,0.224299065,0.011030348,0.905541823,1.078554022,NaN,NaN
NorthAmerica,PS,1.06,Film,0.005,0.005,579313.5309,5716.054458,NaN,NaN,NaN,NaN,NaN,NaN
NorthAmerica,PS,1.06,Film,0.001,0.001,17996.96383,1012.626186,NaN,NaN,NaN,NaN,NaN,NaN
NorthAmerica,PS,1.06,Film,0.0001,0.0001,8.308734852,35.56272103,NaN,0.324324324,NaN,55.06003399,NaN,NaN
NorthAmerica,PS,1.06,Film,1.00E-05,1.00E-05,0.166213728,1.064155795,0.208695652,0.034934498,0.454373658,0.97657202,NaN,NaN
NorthAmerica,PS,1.06,Film,1.00E-06,1.00E-06,0.041865302,0.677148267,0.213438735,0.324324324,0.790708895,0.946117632,NaN,NaN
Oceania,EPS,0.03,Film,0.005,0.005,0.057684107,1.336151345,0.022922636,NaN,0.114465477,10.54695764,NaN,NaN
Oceania,EPS,0.03,Film,0.001,0.001,0.072945877,1.337069581,0.026666667,0.081355932,0.190550342,271.3951736,NaN,NaN
Oceania,EPS,0.03,Film,0.0001,0.0001,0.06560581,13.53236388,NaN,NaN,NaN,NaN,NaN,NaN
Oceania,EPS,0.03,Film,1.00E-05,1.00E-05,0.080796819,1.540086145,NaN,0.045112782,NaN,0.984026863,NaN,NaN
Oceania,EPS,0.03,Film,1.00E-06,1.00E-06,0.067632512,1.500448382,0.029339853,0.059366207,0.129911682,0.319500913,NaN,NaN
Oceania,HDPE,0.953,Film,0.005,0.005,0.101336281,1.570080382,0.0268757,0.064,0.362943227,740.8761303,NaN,NaN
Oceania,HDPE,0.953,Film,0.001,0.001,0.065927381,25.99152075,NaN,NaN,NaN,NaN,NaN,NaN
Oceania,HDPE,0.953,Film,0.0001,0.0001,0.402508922,23.05508408,NaN,NaN,NaN,NaN,NaN,NaN
Oceania,HDPE,0.953,Film,1.00E-05,1.00E-05,0.112039186,1.559959805,NaN,0.054065407,NaN,0.828335761,NaN,NaN
Oceania,HDPE,0.953,Film,1.00E-06,1.00E-06,0.083795768,1.52189304,0.025036003,0.054065407,0.16621055,0.760444223,NaN,NaN
Oceania,LDPE,0.915,Film,0.005,0.005,0.073997299,1.838678708,0.026860669,0.060154338,0.199341936,506.2472857,NaN,NaN
Oceania,LDPE,0.915,Film,0.001,0.001,0.046710111,17.64212777,NaN,NaN,NaN,NaN,NaN,NaN
Oceania,LDPE,0.915,Film,0.0001,0.0001,0.294912334,21.18719091,NaN,NaN,NaN,NaN,NaN,NaN
Oceania,LDPE,0.915,Film,1.00E-05,1.00E-05,0.11045095,1.530550978,0.028469751,0.035560551,1.380157233,0.924519706,NaN,NaN
Oceania,LDPE,0.915,Film,1.00E-06,1.00E-06,0.09198577,1.495708138,0.026936027,0.040589875,0.372413793,0.338742018,NaN,NaN
Oceania,PET,1.35,Film,0.005,0.005,2833270.196,19859.28281,NaN,NaN,NaN,NaN,NaN,NaN
Oceania,PET,1.35,Film,0.001,0.001,181886.5804,5031.760281,NaN,NaN,NaN,NaN,NaN,NaN
Oceania,PET,1.35,Film,0.0001,0.0001,143.4902147,135.2941128,NaN,NaN,NaN,NaN,NaN,NaN
Oceania,PET,1.35,Film,1.00E-05,1.00E-05,0.126344959,1.596431812,NaN,0.131147541,NaN,1.063664986,NaN,NaN
Oceania,PET,1.35,Film,1.00E-06,1.00E-06,0.095674201,1.52129314,NaN,0.132989501,NaN,0.877847693,NaN,NaN
Oceania,PP,0.88,Film,0.005,0.005,0.400723397,11025.22448,0.026229508,0.042649327,0.146181224,450.8980717,NaN,NaN
Oceania,PP,0.88,Film,0.001,0.001,0.035805429,13.00179098,0.035928144,0.827586207,4.769560875,172.705931,NaN,NaN
Oceania,PP,0.88,Film,0.0001,0.0001,0.235591832,20.13796451,NaN,NaN,NaN,NaN,NaN,NaN
Oceania,PP,0.88,Film,1.00E-05,1.00E-05,0.105857163,1.572143184,NaN,0.038034865,NaN,0.993491196,NaN,NaN
Oceania,PP,0.88,Film,1.00E-06,1.00E-06,0.088296954,1.509459858,0.027554535,0.046555053,0.150393917,0.233457292,NaN,NaN
Oceania,PS,1.06,Film,0.005,0.005,210850.5231,5417.60023,NaN,NaN,NaN,NaN,NaN,NaN
Oceania,PS,1.06,Film,0.001,0.001,6374.527425,944.0882723,NaN,NaN,NaN,NaN,NaN,NaN
Oceania,PS,1.06,Film,0.0001,0.0001,3.438094756,30.42040731,NaN,NaN,NaN,NaN,NaN,NaN
Oceania,PS,1.06,Film,1.00E-05,1.00E-05,0.110498782,1.622021963,NaN,0.035137696,NaN,1.16262882,NaN,NaN
Oceania,PS,1.06,Film,1.00E-06,1.00E-06,0.089659323,1.540084797,0.02,0.034833091,0.351726408,0.761778656,NaN,NaN
SeaOkhotsk,EPS,0.03,Film,0.005,0.005,0.141068292,2.743189015,NaN,NaN,NaN,NaN,NaN,NaN
SeaOkhotsk,EPS,0.03,Film,0.001,0.001,0.158110685,2.325748872,0.01937046,0.073846154,0.066912849,9.166709162,NaN,NaN
SeaOkhotsk,EPS,0.03,Film,0.0001,0.0001,0.102011102,3.844023316,NaN,NaN,NaN,NaN,NaN,NaN
SeaOkhotsk,EPS,0.03,Film,1.00E-05,1.00E-05,0.232970777,2.987947867,NaN,NaN,NaN,NaN,NaN,NaN
SeaOkhotsk,EPS,0.03,Film,1.00E-06,1.00E-06,0.160608161,2.373447054,NaN,NaN,NaN,NaN,NaN,NaN
SeaOkhotsk,HDPE,0.953,Film,0.005,0.005,0.183230341,2.367049882,NaN,NaN,NaN,NaN,NaN,NaN
SeaOkhotsk,HDPE,0.953,Film,0.001,0.001,0.113006129,3.342185468,NaN,NaN,NaN,NaN,NaN,NaN
SeaOkhotsk,HDPE,0.953,Film,0.0001,0.0001,0.44759939,7.678896149,NaN,NaN,NaN,NaN,NaN,NaN
SeaOkhotsk,HDPE,0.953,Film,1.00E-05,1.00E-05,0.26567726,2.835226537,NaN,NaN,NaN,NaN,NaN,NaN
SeaOkhotsk,HDPE,0.953,Film,1.00E-06,1.00E-06,0.143186169,2.384382135,NaN,NaN,NaN,NaN,NaN,NaN
SeaOkhotsk,LDPE,0.915,Film,0.005,0.005,0.160497637,2.524768291,NaN,0.03301238,NaN,5.072595132,NaN,NaN
SeaOkhotsk,LDPE,0.915,Film,0.001,0.001,0.118545768,2.770927537,NaN,NaN,NaN,NaN,NaN,NaN
SeaOkhotsk,LDPE,0.915,Film,0.0001,0.0001,0.334167866,5.856561452,NaN,NaN,NaN,NaN,NaN,NaN
SeaOkhotsk,LDPE,0.915,Film,1.00E-05,1.00E-05,0.242049355,2.656600758,NaN,NaN,NaN,NaN,NaN,NaN
SeaOkhotsk,LDPE,0.915,Film,1.00E-06,1.00E-06,0.147585321,2.37193084,0.018838305,NaN,1.583151471,0.356297956,NaN,NaN
SeaOkhotsk,PET,1.35,Film,0.005,0.005,15004501.49,19902.72319,NaN,NaN,NaN,NaN,NaN,NaN
SeaOkhotsk,PET,1.35,Film,0.001,0.001,964615.1782,5046.368711,NaN,NaN,NaN,NaN,NaN,NaN
SeaOkhotsk,PET,1.35,Film,0.0001,0.0001,736.9297987,137.4006493,NaN,NaN,NaN,NaN,NaN,NaN
SeaOkhotsk,PET,1.35,Film,1.00E-05,1.00E-05,0.349488789,3.025306574,NaN,NaN,NaN,NaN,NaN,NaN
SeaOkhotsk,PET,1.35,Film,1.00E-06,1.00E-06,0.184014498,2.675029497,NaN,NaN,NaN,NaN,NaN,NaN
SeaOkhotsk,PP,0.88,Film,0.005,0.005,0.153165883,2.184782493,0.016853933,NaN,0.097336723,12.85006226,NaN,NaN
SeaOkhotsk,PP,0.88,Film,0.001,0.001,0.119414586,2.930631092,NaN,NaN,NaN,NaN,NaN,NaN
SeaOkhotsk,PP,0.88,Film,0.0001,0.0001,0.258728731,5.277872395,NaN,NaN,NaN,NaN,NaN,NaN
SeaOkhotsk,PP,0.88,Film,1.00E-05,1.00E-05,0.24512281,2.728660334,NaN,NaN,NaN,NaN,NaN,NaN
SeaOkhotsk,PP,0.88,Film,1.00E-06,1.00E-06,0.168075319,2.281880866,NaN,NaN,NaN,NaN,NaN,NaN
SeaOkhotsk,PS,1.06,Film,0.005,0.005,1153466.748,5518.288697,NaN,NaN,NaN,NaN,NaN,NaN
SeaOkhotsk,PS,1.06,Film,0.001,0.001,35264.72741,964.8775973,NaN,NaN,NaN,NaN,NaN,NaN
SeaOkhotsk,PS,1.06,Film,0.0001,0.0001,10.59004444,15.63642878,NaN,NaN,NaN,NaN,NaN,NaN
SeaOkhotsk,PS,1.06,Film,1.00E-05,1.00E-05,0.313568435,3.020069611,NaN,NaN,NaN,NaN,NaN,NaN
SeaOkhotsk,PS,1.06,Film,1.00E-06,1.00E-06,0.144429114,2.414569597,NaN,NaN,NaN,NaN,NaN,NaN
SouthAmerica,EPS,0.03,Film,0.005,0.005,0.132309588,2.448692052,0.068965517,NaN,0.130817163,0.371535852,NaN,NaN
SouthAmerica,EPS,0.03,Film,0.001,0.001,0.160385537,3.088819114,0.056206089,0.112149533,0.127744999,53.50316564,NaN,NaN
SouthAmerica,EPS,0.03,Film,0.0001,0.0001,0.076631259,4.542945391,0.082191781,1.263157895,5.341243255,45.62146831,NaN,NaN
SouthAmerica,EPS,0.03,Film,1.00E-05,1.00E-05,0.180891698,2.644420248,0.087272727,0.102349604,1.213177013,0.891761277,NaN,NaN
SouthAmerica,EPS,0.03,Film,1.00E-06,1.00E-06,0.134247946,2.636129389,0.062992126,0.12,0.170038946,0.346043859,NaN,NaN
SouthAmerica,HDPE,0.953,Film,0.005,0.005,0.123322842,3.056537888,0.057976427,0.279069767,0.135791584,193.49883,NaN,NaN
SouthAmerica,HDPE,0.953,Film,0.001,0.001,0.094219454,4.131316047,0.072911673,0.202297702,3.379418517,293.4928584,NaN,NaN
SouthAmerica,HDPE,0.953,Film,0.0001,0.0001,0.420260989,12.6556862,NaN,NaN,NaN,NaN,NaN,NaN
SouthAmerica,HDPE,0.953,Film,1.00E-05,1.00E-05,0.19529539,2.633940134,NaN,0.142011834,NaN,0.95044031,NaN,NaN
SouthAmerica,HDPE,0.953,Film,1.00E-06,1.00E-06,0.147297212,2.897456987,0.07554535,0.067226891,0.106121959,1.095244337,NaN,NaN
SouthAmerica,LDPE,0.915,Film,0.005,0.005,0.146260211,2.64155091,0.067252747,1.714285714,0.080901551,104.8788731,NaN,NaN
SouthAmerica,LDPE,0.915,Film,0.001,0.001,0.127269103,2.70406049,0.067039106,0.307692308,0.918265776,451.073043,NaN,NaN
SouthAmerica,LDPE,0.915,Film,0.0001,0.0001,0.328705403,11.9520023,NaN,NaN,NaN,NaN,NaN,NaN
SouthAmerica,LDPE,0.915,Film,1.00E-05,1.00E-05,0.238654251,2.924984033,NaN,0.094488189,NaN,0.70418192,NaN,NaN
SouthAmerica,LDPE,0.915,Film,1.00E-06,1.00E-06,0.113319824,2.822875103,0.059259259,0.75,0.14746994,0.438658919,NaN,NaN
SouthAmerica,PET,1.35,Film,0.005,0.005,5070158.984,19988.20631,NaN,NaN,NaN,NaN,NaN,NaN
SouthAmerica,PET,1.35,Film,0.001,0.001,326754.948,5074.276999,NaN,NaN,NaN,NaN,NaN,NaN
SouthAmerica,PET,1.35,Film,0.0001,0.0001,249.8719119,139.7897157,NaN,NaN,NaN,NaN,NaN,NaN
SouthAmerica,PET,1.35,Film,1.00E-05,1.00E-05,0.243974653,2.870007038,0.054054054,0.119402985,0.489054736,0.915443318,NaN,NaN
SouthAmerica,PET,1.35,Film,1.00E-06,1.00E-06,0.139772439,2.992101385,0.055045872,1.846153846,0.086287317,0.483737264,NaN,NaN
SouthAmerica,PP,0.88,Film,0.005,0.005,0.135886417,3.055732361,0.05811138,0.436363636,0.08495924,74.21927119,NaN,NaN
SouthAmerica,PP,0.88,Film,0.001,0.001,0.144042074,2.865030026,0.060759494,0.12371134,0.608560627,476.5373516,NaN,NaN
SouthAmerica,PP,0.88,Film,0.0001,0.0001,0.238656927,12.24942015,NaN,NaN,NaN,NaN,NaN,NaN
SouthAmerica,PP,0.88,Film,1.00E-05,1.00E-05,0.182831637,2.788443812,NaN,0.180451128,NaN,0.763965035,NaN,NaN
SouthAmerica,PP,0.88,Film,1.00E-06,1.00E-06,0.118414124,2.514417638,0.055555556,0.146341463,0.069431495,0.38690112,NaN,NaN
SouthAmerica,PS,1.06,Film,0.005,0.005,414489.5522,5715.048005,NaN,NaN,NaN,NaN,NaN,NaN
SouthAmerica,PS,1.06,Film,0.001,0.001,12949.39611,1010.154637,NaN,NaN,NaN,NaN,NaN,NaN
SouthAmerica,PS,1.06,Film,0.0001,0.0001,6.10731959,23.38502564,NaN,NaN,NaN,NaN,NaN,NaN
SouthAmerica,PS,1.06,Film,1.00E-05,1.00E-05,0.210558969,2.785824653,0.073170732,0.130434783,3.472526517,0.904392279,NaN,NaN
SouthAmerica,PS,1.06,Film,1.00E-06,1.00E-06,0.112223608,2.572983773,0.071711664,NaN,0.189309999,0.297176635,NaN,NaN
EC-Japan,EPS,0.03,Film,0.005,0.005,0.02889383,0.925715141,0.001900689,0.011461318,0.143548668,45.44061577,NaN,NaN
EC-Japan,EPS,0.03,Film,0.001,0.001,0.032383453,1.627513517,NaN,0.014209591,NaN,93.03729474,NaN,NaN
EC-Japan,EPS,0.03,Film,0.0001,0.0001,0.088699538,3.587158337,NaN,NaN,NaN,NaN,NaN,NaN
EC-Japan,EPS,0.03,Film,1.00E-05,1.00E-05,0.151012356,1.547928201,NaN,NaN,NaN,NaN,NaN,NaN
EC-Japan,EPS,0.03,Film,1.00E-06,1.00E-06,0.060602247,1.05677109,0.007523511,NaN,0.570507009,0.510269746,NaN,NaN
EC-Japan,HDPE,0.953,Film,0.005,0.005,0.029939539,2.332954979,NaN,NaN,NaN,NaN,NaN,NaN
EC-Japan,HDPE,0.953,Film,0.001,0.001,0.09232569,3.782930966,NaN,NaN,NaN,NaN,NaN,NaN
EC-Japan,HDPE,0.953,Film,0.0001,0.0001,0.490128146,10.02984243,NaN,NaN,NaN,NaN,NaN,NaN
EC-Japan,HDPE,0.953,Film,1.00E-05,1.00E-05,0.22879769,1.633140395,NaN,NaN,NaN,NaN,NaN,NaN
EC-Japan,HDPE,0.953,Film,1.00E-06,1.00E-06,0.04874145,1.003246027,NaN,NaN,NaN,NaN,NaN,NaN
EC-Japan,LDPE,0.915,Film,0.005,0.005,0.024053201,1.652753003,NaN,0.023095426,NaN,114.0053951,NaN,NaN
EC-Japan,LDPE,0.915,Film,0.001,0.001,0.057704975,3.195004483,NaN,NaN,NaN,NaN,NaN,NaN
EC-Japan,LDPE,0.915,Film,0.0001,0.0001,0.3469696,8.815620499,NaN,NaN,NaN,NaN,NaN,NaN
EC-Japan,LDPE,0.915,Film,1.00E-05,1.00E-05,0.184522576,1.601744404,NaN,NaN,NaN,NaN,NaN,NaN
EC-Japan,LDPE,0.915,Film,1.00E-06,1.00E-06,0.061445052,1.197590931,0.006988934,NaN,0.383845892,0.570382308,NaN,NaN
EC-Japan,PET,1.35,Film,0.005,0.005,15331426.02,20118.38239,NaN,NaN,NaN,NaN,NaN,NaN
EC-Japan,PET,1.35,Film,0.001,0.001,991806.516,5116.999931,NaN,NaN,NaN,NaN,NaN,NaN
EC-Japan,PET,1.35,Film,0.0001,0.0001,779.1932028,140.8149284,NaN,NaN,NaN,NaN,NaN,NaN
EC-Japan,PET,1.35,Film,1.00E-05,1.00E-05,0.379125631,1.89968703,NaN,NaN,NaN,NaN,NaN,NaN
EC-Japan,PET,1.35,Film,1.00E-06,1.00E-06,0.059469382,1.098119077,NaN,NaN,NaN,NaN,NaN,NaN
EC-Japan,PP,0.88,Film,0.005,0.005,0.022882764,1.628720562,0.008501594,0.034431414,0.418094028,153.973596,NaN,NaN
EC-Japan,PP,0.88,Film,0.001,0.001,0.053295737,2.592689486,NaN,NaN,NaN,NaN,NaN,NaN
EC-Japan,PP,0.88,Film,0.0001,0.0001,0.2810367,7.567935723,NaN,NaN,NaN,NaN,NaN,NaN
EC-Japan,PP,0.88,Film,1.00E-05,1.00E-05,0.170956307,1.694001027,NaN,NaN,NaN,NaN,NaN,NaN
EC-Japan,PP,0.88,Film,1.00E-06,1.00E-06,0.043868558,0.93750883,NaN,NaN,NaN,NaN,NaN,NaN
EC-Japan,PS,1.06,Film,0.005,0.005,1365841.355,6004.848466,NaN,NaN,NaN,NaN,NaN,NaN
EC-Japan,PS,1.06,Film,0.001,0.001,43878.47237,1076.286022,NaN,NaN,NaN,NaN,NaN,NaN
EC-Japan,PS,1.06,Film,0.0001,0.0001,299.3839223,445.8541415,NaN,NaN,NaN,NaN,NaN,NaN
EC-Japan,PS,1.06,Film,1.00E-05,1.00E-05,0.247206399,1.679347558,NaN,NaN,NaN,NaN,NaN,NaN
EC-Japan,PS,1.06,Film,1.00E-06,1.00E-06,0.038588231,1.143674406,NaN,0.028135991,NaN,0.155269546,NaN,NaN
NorthSea,EPS,0.03,Film,0.005,0.005,0.035976643,1.081459592,NaN,NaN,NaN,NaN,NaN,NaN
NorthSea,EPS,0.03,Film,0.001,0.001,0.028959743,1.217802024,NaN,NaN,NaN,NaN,NaN,NaN
NorthSea,EPS,0.03,Film,0.0001,0.0001,0.071620096,4.468411233,NaN,NaN,NaN,NaN,NaN,NaN
NorthSea,EPS,0.03,Film,1.00E-05,1.00E-05,0.147881966,1.576125708,NaN,NaN,NaN,NaN,NaN,NaN
NorthSea,EPS,0.03,Film,1.00E-06,1.00E-06,0.03913138,1.125981887,NaN,NaN,NaN,NaN,NaN,NaN
NorthSea,HDPE,0.953,Film,0.005,0.005,0.023239799,1.555842169,NaN,NaN,NaN,NaN,NaN,NaN
NorthSea,HDPE,0.953,Film,0.001,0.001,0.069625032,4.960692102,NaN,NaN,NaN,NaN,NaN,NaN
NorthSea,HDPE,0.953,Film,0.0001,0.0001,0.42955499,13.83853673,NaN,NaN,NaN,NaN,NaN,NaN
NorthSea,HDPE,0.953,Film,1.00E-05,1.00E-05,0.165589572,1.566511403,NaN,NaN,NaN,NaN,NaN,NaN
NorthSea,HDPE,0.953,Film,1.00E-06,1.00E-06,0.041872762,1.22609698,NaN,NaN,NaN,NaN,NaN,NaN
NorthSea,LDPE,0.915,Film,0.005,0.005,0.028303212,1.164199465,NaN,NaN,NaN,NaN,NaN,NaN
NorthSea,LDPE,0.915,Film,0.001,0.001,0.04805958,3.15825884,NaN,NaN,NaN,NaN,NaN,NaN
NorthSea,LDPE,0.915,Film,0.0001,0.0001,0.324956625,13.36931825,NaN,NaN,NaN,NaN,NaN,NaN
NorthSea,LDPE,0.915,Film,1.00E-05,1.00E-05,0.189157548,1.604954613,NaN,NaN,NaN,NaN,NaN,NaN
NorthSea,LDPE,0.915,Film,1.00E-06,1.00E-06,0.043851605,1.143662362,NaN,NaN,NaN,NaN,NaN,NaN
NorthSea,PET,1.35,Film,0.005,0.005,7206835.876,19945.35457,NaN,NaN,NaN,NaN,NaN,NaN
NorthSea,PET,1.35,Film,0.001,0.001,463824.6806,5059.952618,NaN,NaN,NaN,NaN,NaN,NaN
NorthSea,PET,1.35,Film,0.0001,0.0001,354.1038516,137.9157515,NaN,NaN,NaN,NaN,NaN,NaN
NorthSea,PET,1.35,Film,1.00E-05,1.00E-05,0.180155493,1.611487381,NaN,NaN,NaN,NaN,NaN,NaN
NorthSea,PET,1.35,Film,1.00E-06,1.00E-06,0.040314976,1.174028353,NaN,NaN,NaN,NaN,NaN,NaN
NorthSea,PP,0.88,Film,0.005,0.005,0.028250467,1.15006856,NaN,NaN,NaN,NaN,NaN,NaN
NorthSea,PP,0.88,Film,0.001,0.001,0.040835865,2.749507978,NaN,NaN,NaN,NaN,NaN,NaN
NorthSea,PP,0.88,Film,0.0001,0.0001,0.249614993,12.2845192,NaN,NaN,NaN,NaN,NaN,NaN
NorthSea,PP,0.88,Film,1.00E-05,1.00E-05,0.159815172,1.622881113,NaN,NaN,NaN,NaN,NaN,NaN
NorthSea,PP,0.88,Film,1.00E-06,1.00E-06,0.045796865,1.196095561,NaN,NaN,NaN,NaN,NaN,NaN
NorthSea,PS,1.06,Film,0.005,0.005,571644.4624,5617.363585,NaN,NaN,NaN,NaN,NaN,NaN
NorthSea,PS,1.06,Film,0.001,0.001,17648.56369,987.0160538,NaN,NaN,NaN,NaN,NaN,NaN
NorthSea,PS,1.06,Film,0.0001,0.0001,7.810956371,24.51406066,NaN,NaN,NaN,NaN,NaN,NaN
NorthSea,PS,1.06,Film,1.00E-05,1.00E-05,0.159032228,1.663227238,NaN,NaN,NaN,NaN,NaN,NaN
NorthSea,PS,1.06,Film,1.00E-06,1.00E-06,0.044807402,1.170208485,NaN,NaN,NaN,NaN,NaN,NaN
GG_Ext,EPS,0.03,Film,0.005,0.005,0.071692695,4.940925928,0.066052879,0.036474164,0.028992356,28.89522873,NaN,NaN
GG_Ext,EPS,0.03,Film,0.001,0.001,0.064632628,4.618433376,0.04494382,0.61494396,0.158439818,253.4912278,NaN,NaN
GG_Ext,EPS,0.03,Film,0.0001,0.0001,0.074699211,8.817590395,0.079734219,NaN,9.752380538,27.4672034,NaN,NaN
GG_Ext,EPS,0.03,Film,1.00E-05,1.00E-05,0.10505197,4.405507425,0.066666667,0.040955631,0.989426962,0.98323817,NaN,NaN
GG_Ext,EPS,0.03,Film,1.00E-06,1.00E-06,0.06786417,4.184855418,0.019354839,0.033850494,0.098053105,1.019294817,NaN,NaN
GG_Ext,HDPE,0.953,Film,0.005,0.005,0.079747756,5.523561412,0.04743083,0.844444444,0.353556767,461.2382812,NaN,NaN
GG_Ext,HDPE,0.953,Film,0.001,0.001,0.089300394,10.40769883,0.077328574,6.749999997,6.506610681,140.8754757,NaN,NaN
GG_Ext,HDPE,0.953,Film,0.0001,0.0001,0.427087003,15.78927609,NaN,NaN,NaN,NaN,NaN,NaN
GG_Ext,HDPE,0.953,Film,1.00E-05,1.00E-05,0.116936842,4.572501188,0.048582996,0.041958042,0.678422394,1.063733039,NaN,NaN
GG_Ext,HDPE,0.953,Film,1.00E-06,1.00E-06,0.080337944,4.166259829,NaN,0.139534884,NaN,1.0962868,NaN,NaN
GG_Ext,LDPE,0.915,Film,0.005,0.005,0.065993735,5.138770107,0.040676222,0.043399638,0.200883344,331.3209542,NaN,NaN
GG_Ext,LDPE,0.915,Film,0.001,0.001,0.066749779,7.647812291,0.052980132,0.196721311,3.93868353,206.7391854,NaN,NaN
GG_Ext,LDPE,0.915,Film,0.0001,0.0001,0.298170077,15.09743053,NaN,NaN,NaN,NaN,NaN,NaN
GG_Ext,LDPE,0.915,Film,1.00E-05,1.00E-05,0.122901293,5.174654514,0.051508076,0.149122807,2.416249696,0.902206679,NaN,NaN
GG_Ext,LDPE,0.915,Film,1.00E-06,1.00E-06,0.068621307,4.514197064,0.050847458,0.021071115,0.723586481,0.2695149,NaN,NaN
GG_Ext,PET,1.35,Film,0.005,0.005,2907529.427,20117.85363,NaN,NaN,NaN,NaN,NaN,NaN
GG_Ext,PET,1.35,Film,0.001,0.001,188069.1504,5116.563737,NaN,NaN,NaN,NaN,NaN,NaN
GG_Ext,PET,1.35,Film,0.0001,0.0001,149.9186558,140.5339858,NaN,NaN,NaN,NaN,NaN,NaN
GG_Ext,PET,1.35,Film,1.00E-05,1.00E-05,0.134740252,4.589677356,0.068134594,0.066843685,2.050471415,0.905497333,NaN,NaN
GG_Ext,PET,1.35,Film,1.00E-06,1.00E-06,0.067051984,3.875485384,NaN,0.034837481,NaN,0.804778754,NaN,NaN
GG_Ext,PP,0.88,Film,0.005,0.005,0.074965287,4.343023192,0.043715847,0.024144869,0.149067811,317.7061325,NaN,NaN
GG_Ext,PP,0.88,Film,0.001,0.001,0.062177334,5.82218026,0.051835853,0.857142857,1.595121228,299.9551471,NaN,NaN
GG_Ext,PP,0.88,Film,1.00E-05,1.00E-05,0.132570345,4.566332444,0.05856147,0.118811881,1.042368625,0.897290057,NaN,NaN
GG_Ext,PP,0.88,Film,1.00E-06,1.00E-06,0.074358735,4.530007681,NaN,0.024873137,NaN,0.257352009,NaN,NaN
GG_Ext,PS,1.06,Film,0.005,0.005,259038.8267,6004.848473,NaN,NaN,NaN,NaN,NaN,NaN